Date,equal_weight,classical_markowitz,robust_markowitz
2017-04-03,-0.0007345995949391995,-0.002248319084305872,-0.0012048210699410488
2017-04-04,0.000875433915509001,-0.000618680203341225,0.00023632037010922418
2017-04-05,-0.003237070500422981,-0.004335985903172774,-0.0014577600063789458
2017-04-06,0.002454997810326426,0.002530146751878005,-7.98450981023253e-05
2017-04-07,-0.0005393182498366566,-0.000572867665036276,0.00037655994388895717
2017-04-10,0.001203725195831471,-0.0009968589478096823,-0.0011590886238594376
2017-04-11,0.002345459140073393,-0.0016860383537174387,-0.001445697543770125
2017-04-12,-0.001977265617851812,-0.005374864692367134,-0.0021989414537091595
2017-04-13,-0.004453229506866776,-0.007087652919626152,-0.003792563450953356
2017-04-17,0.005753999715623982,0.009005204894125518,0.005825361052895055
2017-04-18,-0.002222862346182164,-0.00022954082054549196,0.001708315501353707
2017-04-19,-0.003233046387366259,0.001066713328303132,-0.0008026578627117822
2017-04-20,0.00547875763867449,0.00920990718011069,0.00399345948603599
2017-04-21,-0.0018184928644167614,-0.0006853582579393707,-0.001295562180309709
2017-04-24,0.009564668494338584,0.011488802558598254,0.0071952477788711396
2017-04-25,0.004648191967004929,0.0064364591423909006,0.003301128825302701
2017-04-26,-0.0011299609838415305,-0.0017162989309199436,-0.0028009857493515216
2017-04-27,-7.167914727997827e-05,0.003880464075732196,0.0035259572001710977
2017-04-28,-0.0020948734934011877,-0.007416781070085723,-0.004261660269996469
2017-05-01,0.0018185223158518479,0.004115450206419214,0.0013955100414409956
2017-05-02,0.0006706696669745239,-0.002018111587758305,-0.0016316180449687313
2017-05-03,-0.00313832927702995,-0.000133689317309452,5.206520405985675e-05
2017-05-04,-0.0023349364055192854,0.00024905259538485756,0.0011119926344147853
2017-05-05,0.0062872532138903816,0.004066713179504047,0.0029690035616774845
2017-05-08,-0.0033010815588665953,0.0004648085148508664,-0.000607035995044756
2017-05-09,-0.0002573427523873715,0.001543399329695527,0.0003068790708830834
2017-05-10,0.0042466825796197575,0.005852604857625643,0.004262623294248714
2017-05-11,-0.0013986524286772359,-0.002542504301339718,0.0005659129728362941
2017-05-12,0.0009014468308489815,0.0011200144699674954,0.001114252997681281
2017-05-15,0.004960205433403156,0.0066806727179393064,0.005173452821570645
2017-05-16,0.0008328769529668462,0.004223136348529232,0.0020545953095232536
2017-05-17,-0.01020405472390698,-0.021867014649031777,-0.012520240810338146
2017-05-18,-0.000885269190050884,0.006706031977893688,0.004676738582065931
2017-05-19,0.008846893837094853,0.0076842504995329195,0.0050742100020132255
2017-05-22,0.003424766461594674,0.007680619349389825,0.005448077281891143
2017-05-23,5.73629933007898e-05,0.0006176348148971547,0.00032409195428147923
2017-05-24,0.002182183292268051,0.0023487432949864454,0.0031894466969680634
2017-05-25,0.00029726616681177525,0.005754919289081856,0.004598607586539006
2017-05-26,0.0006940256330597291,0.00010569475902386829,0.000971161096028519
2017-05-30,-0.002408267077901503,2.4271140048366105e-05,0.0024556477691327887
2017-05-31,-0.0011095827603335275,-0.0008380937761813509,0.0011963327509440574
2017-06-01,0.006267285920557328,0.007374506918740656,0.003409051680110424
2017-06-02,0.0037625070589304916,0.0037270992270482047,0.0037876520634891756
2017-06-05,-0.002078519797107115,-2.734255948286902e-05,0.0001267079020731583
2017-06-06,-0.00025871747709703484,-0.0020703415753205697,-0.0003962409664086917
2017-06-07,-0.0006019835477397157,0.005064678095014998,0.0022842759580347966
2017-06-08,0.0014576716514740603,0.005825714258703975,0.0010813721268617639
2017-06-09,-0.0005440398537513275,-0.009943786788528003,-0.010265176593680835
2017-06-12,-0.00128883659020948,-0.002406535127566249,-0.0018306633494585074
2017-06-13,0.004634881489106303,0.0040208427217405685,0.002919483072242102
2017-06-14,-0.0017346379152992856,-0.002825908567544997,-0.000708936240345669
2017-06-15,-0.004227092448370246,-0.0031009120411628443,-0.001786328706140395
2017-06-16,0.0019994862053448665,-0.00020655515339837357,-0.0006113841770325291
2017-06-19,0.0034609462955959504,0.009274617734118364,0.006037702655894515
2017-06-20,-0.006641219751102148,-0.007752557973748849,-0.004438876688122363
2017-06-21,-0.0014925551772619898,0.001190944027993765,0.0011759722775579362
2017-06-22,0.0007733151262178588,-0.002301750037739287,-0.001829507861416527
2017-06-23,0.0025534535061315354,0.001760369757754628,0.0014009714027345998
2017-06-26,0.0026643093716896714,9.940416947533544e-05,-0.0004048390501145304
2017-06-27,-0.005104223004401223,-0.012912176725342719,-0.011187230406306908
2017-06-28,0.007105108980651202,0.008453434459189701,0.004893443094177678
2017-06-29,-0.00641307674625673,-0.011426064125481972,-0.01089740838198011
2017-06-30,0.002460759549357357,-0.0011988755939932897,-0.0007280679484348338
2017-07-03,0.00242172463052203,-0.00016767707965238758,0.0008696865007589824
2017-07-05,-0.0013873847675640906,0.0038505403997534265,0.0008494296337655696
2017-07-06,-0.007151725280700531,-0.005124689141001456,-0.0035840524031422005
2017-07-07,0.002240482008062651,0.0032398672633916835,0.0003477280257938441
2017-07-10,0.00206721673132369,0.004071480266098404,0.0010913013547536451
2017-07-11,0.002182652139292933,0.0027741930841144935,0.00034228044947562814
2017-07-12,0.0067909368963666,0.007232531044634626,0.00440067136398707
2017-07-13,0.0012707344461576906,-0.0010281522037484834,-0.0008094409954938382
2017-07-14,0.005719407954537654,0.006181108221572685,0.0031953103020306204
2017-07-17,-6.85876938894841e-05,0.0009603735233584715,0.0009135136416252589
2017-07-18,0.0009009209699040951,-0.000583291780722856,0.001078038311535972
2017-07-19,0.0054444257840317485,0.0050604777259972,0.0021816782639328372
2017-07-20,0.0003980845225645925,0.002619268220289578,0.0024429234139567817
2017-07-21,-0.0018017121641031703,-0.0010814633167451463,0.0011064421998425171
2017-07-24,-0.0004583562007473498,-0.003682259855200487,-0.0022176274274656065
2017-07-25,0.0021334765381135845,0.0021657361870764803,-0.0002204081976940787
2017-07-26,0.0027382080817048154,0.004286830663992048,0.002689061064484141
2017-07-27,-0.0013360430528306705,-0.003063047145463098,-0.0006337850218936623
2017-07-28,0.00033198000859874563,-0.0015787928641089726,0.0005055522574756884
2017-07-31,3.0293647580534694e-05,0.0011697684963033516,0.001773884234141665
2017-08-01,0.0015160682829873776,0.0022806123400361785,0.0033945532504720396
2017-08-02,-0.0008319649124288712,6.122479088032288e-05,0.00048092431094505283
2017-08-03,-0.0014665457533749031,0.00040949585905172413,0.0014356466828138144
2017-08-04,0.0014753179673226472,0.00017282685660619535,-0.001131245349192997
2017-08-07,0.001883333258892893,0.005264965387973666,0.0018016916766933474
2017-08-08,-0.0023595248838756554,-0.0016165036619526173,-0.0015868314245650811
2017-08-09,-0.0011734577891255563,-0.0012172636774189058,-0.0008318304471738397
2017-08-10,-0.011793527964204248,-0.011497293313262344,-0.005545445952318355
2017-08-11,0.0009425153526835321,-0.0002119873998656139,-0.0008670277271511284
2017-08-14,0.006330298105836381,0.010092255692457185,0.005000129541620153
2017-08-15,-0.0024148077531561496,0.0004915595129800843,-0.00012602348767474933
2017-08-16,0.003170189760249663,0.0036236394700030357,0.0019106336805671767
2017-08-17,-0.010086800714247925,-0.014072622245892799,-0.006473568706752093
2017-08-18,0.0012878744590720222,7.164365247351896e-05,0.0001423481096301335
2017-08-21,0.0006072255952304369,0.00010579740621233707,0.0003131572785969861
2017-08-22,0.005594738669706869,0.00853351644371717,0.0032349409280691558
2017-08-23,0.0007876635920771585,0.0002520479186822272,0.0012060982852578146
2017-08-24,-0.0006549797041771232,-0.0006763360938430696,-0.0004396908266702384
2017-08-25,0.002971894555683929,0.002965835671362908,0.003181156852794489
2017-08-28,9.84095682700078e-05,0.0010939689138596016,-3.0300381484931438e-05
2017-08-29,-0.0005713670307982001,0.0003239969069249974,-0.0008173026211101991
2017-08-30,0.001719708734707358,0.003962260041103145,0.0010910410457877129
2017-08-31,0.006755517040444927,0.004684601861503062,0.002679836949979564
2017-09-01,0.0028480713283504616,0.00255932911456343,3.4554757494907398e-06
2017-09-05,-0.004764342603002504,-0.007458428805259224,-0.002101160802826727
2017-09-06,0.0033489726512810386,0.0010354272908104304,-0.0002283343618015186
2017-09-07,0.0021875701627541828,0.0029861554398265145,0.0017443264938065328
2017-09-08,-0.0019137872858014321,-0.001624235102829845,0.0002756404687296452
2017-09-11,0.0064991739684129605,0.009254168970931615,0.0043640860604540616
2017-09-12,0.002098926093456817,0.0005941734006175387,-0.0002802687626362445
2017-09-13,-0.0011297387377883106,-0.0028661914024276504,-0.0021535301182391805
2017-09-14,0.0011459531265488533,0.0032118649079053816,0.002263277948658143
2017-09-15,0.0020645947613634834,0.005183430827718962,0.0018705332552834614
2017-09-18,0.0010385003307674379,0.003595553132372846,0.00013763683995089853
2017-09-19,0.0003195711005750182,0.0015702159152076647,0.0008042903617490854
2017-09-20,-0.0004482007328514217,-0.0029453224662271335,-0.0014563662777830185
2017-09-21,-0.002318675081973325,-0.0020257183168156502,-0.000492673065079806
2017-09-22,0.00041650613768818754,0.000977081615721804,0.00044591329937113274
2017-09-25,-0.0013214238431739247,-0.002564078521038391,0.0016301056007968742
2017-09-26,-0.0006993218714706513,-0.0010786691913524235,-0.0006682986824911879
2017-09-27,0.0012154421961702916,0.0029500752053227943,-0.0019164044992161233
2017-09-28,0.0013345302195872084,0.0036494247219858913,0.0022417029756847616
2017-09-29,0.00307537104818376,0.0033060909372714968,0.0011987207723262578
2017-10-02,0.001307178224551235,0.006132789183523799,0.004749427582401097
2017-10-03,0.0027166668594140915,0.007600788933316819,0.004996529607562647
2017-10-04,0.00015408721310731255,-0.0004054015547128257,0.0015379020441324562
2017-10-05,0.002874047777191305,0.0017151976871113968,0.0012132734384923576
2017-10-06,-0.0022322941211056456,-0.0026358127876935614,-0.003452604640368843
2017-10-09,-0.001160747855772314,-0.0006514441129880292,-0.0012034617598726018
2017-10-10,0.004805276877449072,0.006725123323523972,0.004976414470455953
2017-10-11,0.0017131855530799866,0.003573991240066907,0.0029189065861640897
2017-10-12,-9.174339283087406e-05,-0.0017035391976263517,0.0006834632717584552
2017-10-13,0.003357563112017517,0.007474812798090938,0.0044645384839287474
2017-10-16,-0.0003230639742435832,0.0020754277686976476,-0.001223397563589754
2017-10-17,-0.001043841373627666,-0.0035332111195900753,-0.001173493559782439
2017-10-18,0.0006755475207794949,0.003629130007820358,0.003068958088361707
2017-10-19,-0.0005863388115501455,-0.004256898639498576,0.001419543106963388
2017-10-20,0.0014877491425515483,0.0031135288856295076,0.002724040617066408
2017-10-23,-0.002942704290181504,-0.005390696748504762,-0.004686554552050108
2017-10-24,0.0010905321430152548,0.00493998285111897,0.003640004955633939
2017-10-25,-0.004118653247901957,-0.006969706520263286,-0.004842659165569573
2017-10-26,-0.0006150536903104585,-0.006831694572502846,-0.0056027633793783015
2017-10-27,0.005082172834214128,0.00778531836849467,0.003947430171633009
2017-10-30,-0.001837083914109802,-0.006382774437391366,-0.006750908714839108
2017-10-31,0.0021599700006471397,0.0020524476141292013,-0.0014150678207636846
2017-11-01,0.0012113930520966207,0.0007398201668834089,0.0007065829645994783
2017-11-02,0.0019483591269368941,0.0011045817539194582,0.0019510400739928032
2017-11-03,0.00021951495701656446,-0.0005158033223315393,-0.003252552154666664
2017-11-06,0.004216082074142814,0.007658812170923426,0.0021243453332371446
2017-11-07,-0.0028254868331186143,-0.003372672413491204,-0.0015301492416375509
2017-11-08,0.0014615585687386286,0.004919688444277505,0.00374126323632536
2017-11-09,-0.0031343008728075103,-0.011403048564999364,-0.006991913013600871
2017-11-10,-0.0015949883645561985,-0.0023400850517263983,-0.002478309136668647
2017-11-13,-0.0003152909548559172,0.001991247986770481,0.0027735582199447904
2017-11-14,-0.0022648539096780888,-0.005505041335513452,-0.0025775534074646174
2017-11-15,-0.0035517044023593916,-0.003122540512442694,-0.004683670998441682
2017-11-16,0.0070313333883620195,0.013375696779058628,0.008149574231857332
2017-11-17,0.0014600911105717507,0.001452175057328268,0.0009108609132113286
2017-11-20,0.00044407532712488365,0.006456251490461345,0.002401127948288533
2017-11-21,0.005629903128080143,0.007300970494331062,0.006047142957811274
2017-11-22,0.0015605515995797913,0.002182015279030785,0.002955801936073993
2017-11-24,0.0010211736993681118,0.00047968335684037773,0.0011295634309554526
2017-11-27,-0.002712489543699944,-0.007649459111352991,-0.0019825617205723877
2017-11-28,0.006017600040233833,0.0052695173481445805,0.007764931665099109
2017-11-29,-0.001984602152271079,-0.014927991709752784,-0.002415155594917341
2017-11-30,0.0017374888639022298,0.002840657155958699,0.004585929970361516
2017-12-01,-0.00030788567510035803,-0.0033708582681938972,-0.0008155749639189218
2017-12-04,-0.0015736753927595047,-0.0017172403920078197,0.0035413138531770914
2017-12-05,-0.0032087177160118694,-0.005359618325351558,-0.007817695312430421
2017-12-06,-0.0033240677150683643,0.0009839604079676988,0.00027187579854572
2017-12-07,0.0018469683322536513,0.005665208472941526,0.002331675180518989
2017-12-08,0.00460547416015881,0.002671337957496654,0.00412581041007397
2017-12-11,0.001515772845056202,0.005600902646952913,0.002795658371982544
2017-12-12,-0.001521037364325505,-0.0023270908493701085,-8.708631229441385e-05
2017-12-13,0.002531817648063552,0.0017004541555652305,0.00035542469153639436
2017-12-14,-0.003994761363954195,-0.005223978593163987,-0.0051946125013244875
2017-12-15,0.00469962575653974,0.008723954388117884,0.006947895783663682
2017-12-18,0.007239081864467115,0.01602551141875768,0.009812918285042525
2017-12-19,-0.0034003101773981484,-0.0014921758026305335,-0.002369655996972703
2017-12-20,-7.555145431686991e-05,0.004378364237288521,0.00234963475130315
2017-12-21,0.0024903735215133205,0.004493514088083451,0.0032810706614884973
2017-12-22,0.0017360663359805592,0.0008829825040334483,0.0016572664384412494
2017-12-26,0.0014170747698927877,0.0010169185020067776,0.002718982159502536
2017-12-27,0.0017692968400995356,0.0007649435313242547,0.0007608760453336878
2017-12-28,0.0030916112387015682,0.0042286835180007825,0.005444817999376079
2017-12-29,-0.0009050406236272235,-0.002418821847208128,-0.001974759568140876
2018-01-02,0.0072477266356849816,0.014016761778250227,0.00942732721857986
2018-01-03,0.0040389071733658195,0.009252240859102095,0.005149608190529998
2018-01-04,0.0027829955163135457,0.007202017150596181,0.004636391829319801
2018-01-05,0.0036377976385578146,0.0033358913146743093,0.0027424347411539513
2018-01-08,0.0008716070444713756,0.0009880354364295203,0.0016882166321037337
2018-01-09,-0.00013424145276393968,-0.0027213696705908437,-0.003839620884802301
2018-01-10,-0.0020798225783159887,0.0012737150205234865,-0.0003675549325198161
2018-01-11,0.006662446664509335,0.009807374391559771,0.008375747983572556
2018-01-12,0.005186070670976735,0.005471390803269815,0.003279470680494881
2018-01-16,-0.0031685584119016752,-0.002562318041949853,-0.0027898907076856785
2018-01-17,0.007179270307571768,0.013801680111402767,0.01050667078854405
2018-01-18,-0.0022280202905934207,-0.0019496991220823677,-0.003714499375033962
2018-01-19,0.0039028350048493526,0.0036562430051452497,0.0022837041368970992
2018-01-22,0.005837439181695929,0.006685685757628251,0.004428079921821925
2018-01-23,0.0034537525963545014,0.0016104841224104164,0.0013597027764124803
2018-01-24,0.0015253069483627212,0.005554258722883396,0.0039032347720187053
2018-01-25,-0.0011073755990317119,-0.005461945732021872,-0.001289285452881368
2018-01-26,0.007271048782931303,0.012276632300116174,0.0091623138922973
2018-01-29,-0.0073660935339763915,-0.010248141285942213,-0.00870843423164334
2018-01-30,-0.008384044278879666,-0.013061586950673306,-0.00986294332184496
2018-01-31,0.0010123079597514901,0.0028031814832655925,0.002612535487133664
2018-02-01,-0.0019359254345325666,0.0024821096446980577,-0.00073862429456559
2018-02-02,-0.017539136781362392,-0.02643662201044589,-0.021673263607599254
2018-02-05,-0.027580608715506896,-0.035468084414356386,-0.02867239890714934
2018-02-06,0.012494563848369103,0.024428890303192737,0.015435713836457329
2018-02-07,-0.00803022384232337,-0.015865236954282623,-0.010442870004408687
2018-02-08,-0.02424500706672091,-0.033268707460895844,-0.027603231486394812
2018-02-09,0.00816886775047469,0.014247536635855708,0.01286658623162115
2018-02-12,0.00997061383598368,0.015710138554299268,0.013169296914852545
2018-02-13,0.0022206626526224587,0.004297816322475888,0.0034239907321695546
2018-02-14,0.011656824568074644,0.02020722523870827,0.012754991958093488
2018-02-15,0.008942499111403148,0.00843411373335658,0.009081752342558204
2018-02-16,0.0007576946149270433,0.0020529973514800555,0.0037218120676546272
2018-02-20,-0.0067426274959928355,-0.0022559622429702084,-0.005702613255894478
2018-02-21,-0.003975752294211061,-0.005451767140202863,-0.005976081375540907
2018-02-22,0.002135406562402518,0.0029985643021283844,0.00276604775506849
2018-02-23,0.01157273954194956,0.01429550942988262,0.013645538752485748
2018-02-26,0.006924494136536116,0.012480090303994898,0.009979029613861993
2018-02-27,-0.012578267883388729,-0.012620816074992375,-0.010884668324984508
2018-02-28,-0.008211588362290464,-0.012041044150813422,-0.011340700383770535
2018-03-01,-0.004999588690681874,-0.005447880700340033,-0.004260556306714355
2018-03-02,0.003709119943220228,0.004698160006358971,0.0022716060315560657
2018-03-05,0.0066317782172861505,0.008522774036872889,0.007292352606738961
2018-03-06,0.004426779565186274,0.007881403278723767,0.003224530636255935
2018-03-07,-0.0005167572569029648,-0.002244879160336415,-0.002965078296758573
2018-03-08,0.0014076818605833932,-0.0036999909491878544,-0.0014613186530898236
2018-03-09,0.010053560332603361,0.014713410552441146,0.010634430705666952
2018-03-12,0.000902380791806705,0.003210159487010699,0.0020335334087317517
2018-03-13,-0.004357838010157419,-0.008253862782135152,-0.005075406104915763
2018-03-14,-0.001809041175013085,-0.0036368786732393597,-0.0025339719864898094
2018-03-15,-0.0021850215638726813,-0.003097876988807008,-0.0020537692088787593
2018-03-16,0.0009145813195435895,0.003425977113304634,0.0034223818691829153
2018-03-19,-0.00850364910056955,-0.00986919047637846,-0.010300358566777641
2018-03-20,0.0014162116878060496,0.003711861664004168,0.0008525274851921038
2018-03-21,0.0031849793218962034,0.009855058158472065,0.006505103685497454
2018-03-22,-0.017409243725845226,-0.027433481005397435,-0.02152950293845014
2018-03-23,-0.011610768721915006,-0.011708496808452718,-0.011704287963297153
2018-03-26,0.017476738388891033,0.023522081626386807,0.018826182128408874
2018-03-27,-0.010354063450763062,-0.019707553854492146,-0.0116238503347651
2018-03-28,-0.00048261012873408493,-0.005302002117074815,-0.002821137115914218
2018-03-29,0.010451262346837121,0.014656112099942387,0.013185371488637047
2018-04-02,-0.01518874582071358,-0.018973452639547264,-0.0036968589406851673
2018-04-03,0.007791361748584659,0.0064679194430084675,0.0013616707503857095
2018-04-04,0.005786442271657854,0.004831902580142638,0.0004902175076504111
2018-04-05,0.004288447739949483,-0.0004890601350705595,0.0008351198527933554
2018-04-06,-0.012012979950786979,-0.015494986446840017,-0.0016534825227773281
2018-04-09,0.00367910122279137,0.003135094029241541,0.0005916222959354671
2018-04-10,0.011576315552668734,0.019564893715340072,0.003802568737932041
2018-04-11,-0.001432730675202695,0.0033286679423163525,0.00029366523704285846
2018-04-12,0.002685422172609059,0.005705732204299269,0.0009631521885690996
2018-04-13,-0.0016965708301945573,-0.005467520747116635,-0.0002648453176137636
2018-04-16,0.003763559398964434,-0.001449234010826667,0.0005585068469664999
2018-04-17,0.005646808240802263,0.00502522244375196,0.0005749246954443732
2018-04-18,0.0032044907735382052,0.006990055157949214,0.0010490231242592627
2018-04-19,-0.005672037569758555,-0.005420633399353931,-0.0007035714289272405
2018-04-20,-0.006000845815584577,-0.0025785126775394614,-0.0016229226111424818
2018-04-23,-0.0017891557386316725,-0.0018683180232223866,-0.00020107955538532015
2018-04-24,-0.005518276056756602,-0.004977306774053476,-0.0014970064876916526
2018-04-25,-0.0006322198680952281,-0.0028627168520408072,-0.0022735925593741603
2018-04-26,0.0064632161812195705,0.008668154922550292,0.0021086367043165384
2018-04-27,0.0023074532535981894,0.001954406963100338,0.0012405747308347052
2018-04-30,-0.0048098179163057605,-0.007083066045209297,-0.0008417429485395496
2018-05-01,-0.00040990634991035246,-0.0008922488773899066,-0.0018246206837994833
2018-05-02,-0.0033196328869580065,-0.003146033291903813,-0.00013784325735170382
2018-05-03,-0.0003457992486448672,0.0009935396273344744,0.0024964163636814235
2018-05-04,0.006738679727885663,0.007895804357277717,0.0006772324965299686
2018-05-07,0.0007416644199151819,0.0017711322005238795,0.0008816291273581228
2018-05-08,0.00013728660715960238,-0.0018345375306097758,-0.00257065122166996
2018-05-09,0.004653175417126229,0.00849229807658937,0.0014180020554512452
2018-05-10,0.007939514174285355,0.00841932694010786,0.0029223664824021105
2018-05-11,0.00038646230165199035,0.0006983664803139485,0.0010260528958643072
2018-05-14,0.00018879924714094792,0.003760078394367378,0.00010902672827368419
2018-05-15,-0.007292446240097024,-0.005729963851685953,-0.0037925584568983444
2018-05-16,0.0038032239962791253,0.00524002980332855,-0.0001969348316719055
2018-05-17,-0.0013425587667759142,-0.0037476128136008455,-0.000351314963306074
2018-05-18,-0.001923459504824515,-0.006086361916424762,-9.486752750492201e-05
2018-05-21,0.005291167170323974,0.005155660308323848,0.0022355192679454883
2018-05-22,-0.0008906903468664121,0.004545747732477541,0.00020336245292856424
2018-05-23,0.0006296058633210888,-0.0021449596515721327,0.00022499905885154314
2018-05-24,-0.0014557901133764569,-0.005789705049705249,-0.0016576121120280198
2018-05-25,-0.002031164251198911,-0.006863974294300038,-0.0023058514236113633
2018-05-29,-0.008642199363695039,-0.015104676338902875,-0.0018412270488015715
2018-05-30,0.010164581805580077,0.014147225310552958,0.004036112536499795
2018-05-31,-0.00481475694215855,-0.003198187419792946,-0.0013688541438793907
2018-06-01,0.005045978205508171,0.0038177227777471856,-0.0009495611424279618
2018-06-04,0.002320716622171821,0.00041887664436096627,-0.0009333770493664775
2018-06-05,2.6320807001473695e-05,-0.0038484399302968976,-0.00027178121709885286
2018-06-06,0.0060917819944423,0.006728677633899391,0.002302845771766091
2018-06-07,-0.0014947150562855478,-0.005147508898774011,0.00225322980728069
2018-06-08,0.0016472349498411229,0.002568884511508749,-0.0003830532373134219
2018-06-11,0.0010849358067038775,-0.0017188147003663618,0.0010251778795500096
2018-06-12,0.0002739254261796194,0.00036778462504984794,-0.0010047281051890305
2018-06-13,-0.0035574933324829788,-0.0012845093027264655,-0.000567452920031717
2018-06-14,-1.9112861915316025e-05,-0.005780835316754302,6.276950162668063e-05
2018-06-15,-0.003306141157931699,-0.0073090119959682166,-0.002541185447682524
2018-06-18,-0.0026979536229175577,-0.0013248509306154415,-0.0004759735166303619
2018-06-19,-0.004001900985056807,-0.0012739999830048132,-0.0014684978533534168
2018-06-20,0.0023041019786807122,0.0018230667107288785,-0.0010706029672857516
2018-06-21,-0.0054091591191825494,-0.01008897881681299,-0.0016029501895453676
2018-06-22,0.005049361140347623,0.005649913438030105,0.0028485410401066485
2018-06-25,-0.010498590288164591,-0.0107378179294428,-0.002281391868072895
2018-06-26,0.0017670329963795552,0.002394954521818381,0.0010407861573442847
2018-06-27,-0.007570992753099157,-0.012590708519897803,-0.0009396250498619165
2018-06-28,0.0038214299138857695,0.0057634754731149184,0.0004025259857275414
2018-06-29,0.004247410269196822,0.005002460080832189,0.001363544889800359
2018-07-02,-0.0035213851350772017,0.0028631030570435314,0.0023895971998806817
2018-07-03,0.0012880044553627186,-0.004352449971409199,-0.0017069829347990614
2018-07-05,0.006454760124958824,0.011629746007177227,0.006584463476997381
2018-07-06,0.006851911520588345,0.008899701634547197,0.004777962872697507
2018-07-09,0.005581786370005732,0.008986125585870178,0.0017678419356086934
2018-07-10,0.0005489755600565644,0.0006146088568941578,0.0005376190397336348
2018-07-11,-0.010583813321185744,-0.015416750920597255,-0.005079264896923498
2018-07-12,0.005647934444628463,0.004071253195729055,0.001102052021726327
2018-07-13,0.00035548352576923536,-0.0023475897758667885,-0.0009672251664152447
2018-07-16,-0.0029120943068050367,-0.0038362696028293457,0.0005287557612808929
2018-07-17,0.002800083026754035,0.005519956858438252,0.0011349856856890561
2018-07-18,0.0009741999520130017,0.005906222565567532,0.002257779887798497
2018-07-19,-0.0011878812692154585,-0.0008933359722952156,0.0005354135256476613
2018-07-20,0.0018831936407537712,0.0017089906972619672,0.0006446463901825443
2018-07-23,-0.0010426812199261894,0.003126397975704931,0.0005218519229060065
2018-07-24,0.0020009156602068504,-0.005078761266011742,-0.0003624809408797326
2018-07-25,0.007756677492856329,0.0031455348113219573,0.0018999250635502087
2018-07-26,-0.0015846865045969951,0.003112922776341543,0.0015161530890146187
2018-07-27,-0.0028434472384484895,-0.006962902524597868,-0.0017921207181407165
2018-07-30,-0.0014281378099235335,-0.004062306943691382,-0.0016487732635338368
2018-07-31,0.004109650139848307,0.002345764323001384,0.0024589640030194793
2018-08-01,-0.003938518020597436,-0.0005059284768978159,-0.0002932289454302877
2018-08-02,0.00011581154460118357,0.007295435915785827,0.002885370135282088
2018-08-03,0.003417672156733164,-0.002224389608984495,0.0010476735036562936
2018-08-06,8.173394104805002e-06,0.0025718439259728183,0.0009705451937815874
2018-08-07,0.0034718930473182177,0.004728152481448877,0.0014742181402689174
2018-08-08,-0.0013233268046399915,-0.002453700683146637,-0.0007878952640638068
2018-08-09,-0.0017467026428337517,-0.004581191432385211,-0.0021255524048166673
2018-08-10,-0.009247384063161538,-0.008605361182530115,-0.005440660962868026
2018-08-13,-0.006010317106281504,-0.0027320738032814086,-0.0014918513119447396
2018-08-14,0.005033160589486722,0.004244200353292795,0.0026357567069360158
2018-08-15,-0.010044585877294135,-0.013796357952778456,-0.005026217959805027
2018-08-16,0.006104550524155071,0.007574025509135295,0.005366240112956399
2018-08-17,0.0049978138347654515,0.0021385863717388576,0.002279460321391596
2018-08-20,0.0028073887405806316,0.00033348269466352523,0.00040721932629130426
2018-08-21,0.004114241544743563,0.011832919934336692,0.0048114697194672935
2018-08-22,0.0020086633300097252,0.005991795031878768,0.00098923343661815
2018-08-23,-0.0045641090804710936,-0.0024611636445146822,-0.0017605517650914565
2018-08-24,0.00622228106067172,0.005937457740074302,0.0030489316042323885
2018-08-27,0.005756483596059357,0.008649228188380067,0.0027164338075618107
2018-08-28,-0.0011894649207383975,0.0011400245132015094,-9.330305514212134e-05
2018-08-29,0.0038678345122819886,0.004989466303734397,0.0018242319737719636
2018-08-30,-0.00683035821768503,-0.004042775613071192,-0.0024410444507509807
2018-08-31,0.000559616170615267,0.0016311634535790688,0.00011000032223165766
2018-09-04,-0.005651981440495973,0.0017623166505709798,0.0008920757048583132
2018-09-05,-0.002670463214304355,-0.002684992099066809,0.0006604191448419871
2018-09-06,-0.0022177373875980483,-0.012044500601308121,-0.0037978494219897
2018-09-07,-0.003513534918185816,-0.0022501722662216566,-0.002925913183587988
2018-09-10,0.0015713643150410844,0.003864625260855671,0.002562488542450325
2018-09-11,0.0011369076459395921,0.0016630253098004206,0.0001853214409390658
2018-09-12,0.0021139758834061925,-0.006741076190010965,-0.002996682341430783
2018-09-13,0.0039034841208142237,0.0008099909252651564,0.0016413664574012033
2018-09-14,-0.00041756617025433913,0.004101068026916435,0.0015941384082789208
2018-09-17,-0.002809042853541263,-0.00865596857013305,-0.003155177035529085
2018-09-18,0.004148988617856476,0.004672341569420605,0.0007813517819751371
2018-09-19,0.0020429588948103184,0.0028549974985109874,-0.0005729896047521471
2018-09-20,0.006937616720410271,0.009530482835990395,0.0055083989556631244
2018-09-21,-8.734597059787231e-05,-0.004478450625256657,-0.0013692849429970723
2018-09-24,-0.0038110831409572834,0.0016741926317800785,-0.0026633985274336783
2018-09-25,0.0006191718410619082,-0.0018875463408897701,-0.002001662893652599
2018-09-26,-0.002771800925714329,-0.009757038515053993,-0.0057244989082340415
2018-09-27,0.0007039997317382235,7.219595268872082e-05,0.00033433269215557126
2018-09-28,-0.000779156399442733,0.0017648347161894507,0.0008341200073212349
2018-10-01,0.0010216689257510011,0.004571826042402311,0.0042782014010230825
2018-10-02,-0.002131071308639048,-0.00305874370041399,-0.001167789780335565
2018-10-03,-0.0008730865411960608,0.00552346822178673,0.0027995082607349593
2018-10-04,-0.009825615529866143,-0.012505395960138702,-0.009070024425628757
2018-10-05,-0.0047042656322923634,-0.010358306329329355,-0.006797292066685348
2018-10-08,-2.2474199320325617e-05,-0.003246408528643043,-0.00019892914991062157
2018-10-09,-0.0009331374083021767,0.0008541185084794982,-0.00013359539114571561
2018-10-10,-0.020292969563549403,-0.036099177734497556,-0.02821792035820764
2018-10-11,-0.011938281114925977,-0.01954552153680106,-0.01929195960478367
2018-10-12,0.007512328677106507,0.015019160349333231,0.010597655984261807
2018-10-15,-0.0008527645500311418,-0.006450610314776914,-0.0032230185809454413
2018-10-16,0.015207130564023515,0.021966061211213146,0.018166882630827087
2018-10-17,-0.004006522919313563,-0.002687366387766428,-0.0015381295497513797
2018-10-18,-0.012152421955226082,-0.018693308802223974,-0.013388312292452322
2018-10-19,0.00034826589375007715,-0.00454789132305604,-0.0018417819906666791
2018-10-22,-0.0029136751495012895,-0.0015665856350547196,-0.0023336777073507055
2018-10-23,-0.005371413882951479,-0.008936433478576075,-0.008327712983916869
2018-10-24,-0.020478786544954216,-0.036529028854933254,-0.024050616827681278
2018-10-25,0.011405069018236725,0.024931652064281936,0.017151497837652376
2018-10-26,-0.007773987418375484,-0.015185107082500414,-0.01204261248847489
2018-10-29,-0.00450000778452406,-0.008712572483242113,-0.004915809301426471
2018-10-30,0.011006595478667617,0.014948474100805529,0.012205662249219896
2018-10-31,0.004009787059454751,0.01268891859163089,0.008226101849989613
2018-11-01,0.013297829177853484,0.012050536470967928,0.006932544431960447
2018-11-02,-0.0014034587590699573,-0.006901327378874119,-0.004191290383700841
2018-11-05,0.004116034814265469,0.001172347968034756,0.0039302104352378206
2018-11-06,0.0024380617157346365,0.005200326759089966,0.005224964466851156
2018-11-07,0.012100467274008632,0.019656230082370413,0.01629851324453126
2018-11-08,-0.006682117798836478,-0.0029242872208828886,-0.0017372435589143682
2018-11-09,-0.0071799627204641335,-0.012965018251920363,-0.007690434341450869
2018-11-12,-0.012069504124231356,-0.024709769005038087,-0.017189988756302586
2018-11-13,0.00048533482400056274,-0.004568677058179712,-0.004301354769771288
2018-11-14,-0.00023275395680970087,-0.006024255628425426,-0.006225256399117987
2018-11-15,0.005785342044933775,0.014780053021001167,0.009028286481616283
2018-11-16,0.003852416046755782,-0.0013493696320601091,0.0017371861900413552
2018-11-19,-0.00900864692419006,-0.022528714190416486,-0.0150704676229876
2018-11-20,-0.01546112230334733,-0.022448321255446164,-0.019941025211658827
2018-11-21,0.007161839436622611,0.006289715009188744,0.003973125081839112
2018-11-23,-0.0059831206478692354,-0.011700826430623172,-0.008648276242505365
2018-11-26,0.009052398900007821,0.019688998533030633,0.0143813496219181
2018-11-27,-0.0002589090425789551,0.001489848125804432,0.0015970584343960848
2018-11-28,0.01527532645586724,0.021342205458734758,0.018024658269258986
2018-11-29,-0.0017403841747828635,-0.002826591455877687,-0.0011931256901215063
2018-11-30,0.0025337377630732707,0.00731867463791151,0.005707086874239193
2018-12-03,0.01062983193857449,0.018392092803224565,0.012315629674953485
2018-12-04,-0.019956237052842593,-0.035403020980420204,-0.0267848426961631
2018-12-06,-0.0029759837230823095,-0.0028898263730929644,-0.002247347144473413
2018-12-07,-0.01159100445864989,-0.022239045727441564,-0.016816322640985683
2018-12-10,-0.004396724952578788,-0.00011965732852754208,-0.0005324695305242136
2018-12-11,0.001087883156644309,0.0008301773243476922,0.00020155858833864114
2018-12-12,0.005719469940825393,0.0075490324973937414,0.004383009256197129
2018-12-13,-0.0010626006020294457,-0.0004966419815890101,0.00022657013897583203
2018-12-14,-0.011915759322601653,-0.020311303502599593,-0.016852085930461405
2018-12-17,-0.013334039868188716,-0.019598954714435696,-0.020416855911478526
2018-12-18,0.000656272912828773,-0.0020448255807771114,-0.0019803344824219833
2018-12-19,-0.0106822194420488,-0.018711080227210807,-0.013349234866797923
2018-12-20,-0.007695138181756221,-0.018275284729950346,-0.01897714983198039
2018-12-21,-0.013128044114928045,-0.02047488023088364,-0.015404068009123138
2018-12-24,-0.015199095335769191,-0.02498894397398409,-0.0235812533743996
2018-12-26,0.028442322593354667,0.05676173641972229,0.04690878511112245
2018-12-27,0.003222454100710343,0.0022598971189602647,0.004787545832944312
2018-12-28,0.0016018185749325474,-0.0005645078990706616,-0.001046307652104908
2018-12-31,0.004008646996198092,0.010952580143012477,0.008180150766256871
2019-01-02,0.0006434513228437142,0.0005935047791913585,-0.00017230200863378378
2019-01-03,-0.010334223998088359,0.0005454544418051401,0.0015902588651225274
2019-01-04,0.024015576700511423,0.00719073779315516,0.0009361593113956749
2019-01-07,0.006044207769285439,3.6142339448902466e-05,-0.0002684636189175751
2019-01-08,0.0070435756379244535,0.0026807979671205667,0.0002359968168568459
2019-01-09,0.007792171627008609,0.0042616776171473785,0.001909331865909195
2019-01-10,0.0032372474931146237,-0.0005623381730715371,0.00028464146766392324
2019-01-11,-0.0006627544769663131,0.0003083506528421393,0.0006704889166809952
2019-01-14,-0.004067765690255615,-0.004181142822113627,-0.0011038372517491273
2019-01-15,0.005245542305183799,0.002483939452716202,0.0010236545412300796
2019-01-16,0.003862102252243678,0.003584785819703777,0.0015702060804098257
2019-01-17,0.004868497032915221,0.0014259933120518555,-8.695182943452566e-05
2019-01-18,0.008360014348642563,-0.0015763837760743083,-0.00029450272166814845
2019-01-22,-0.010776546719688754,-0.0012229923901490422,-0.00014189264804963415
2019-01-23,0.0019872167647862586,0.0036181717969324895,0.0015706178658846449
2019-01-24,0.0037071812127509956,0.0021348810616777917,0.001321868082252085
2019-01-25,0.00807212239783637,0.004279665526689727,0.0013706148136326372
2019-01-28,-0.005196416159735012,-0.0032177048083673974,-0.0005500314448664058
2019-01-29,0.0017391507677122667,0.003945929286405232,0.0018785381082653768
2019-01-30,0.01084938550068608,0.0075225725717046705,0.0032274836091875855
2019-01-31,0.004703413268612585,0.007868229373612038,0.0036101777723462516
2019-02-01,-0.0005994481142345354,-0.0037751701648671555,-0.002454303193714419
2019-02-04,0.003405401762746106,-0.0002686952440661905,-0.000116317023123397
2019-02-05,0.004032115638425899,0.003137637851952868,0.0019250601323872977
2019-02-06,-0.002607432253358102,-0.0045492077126796735,-0.0011023124032953488
2019-02-07,-0.006752673889056814,0.0016732850062506311,0.00046451836537615584
2019-02-08,-0.0005357232451282582,0.002994853034737898,0.0016806423895864193
2019-02-11,0.000199139067552257,-0.002945363611899441,-0.0009451237122928588
2019-02-12,0.008545231232770458,0.003867045225045109,0.0006548777778052276
2019-02-13,0.00031844496954774756,-0.002237971022454769,-0.00076264784062658
2019-02-14,0.0002460949049261595,0.003919717712240454,0.0018747498117558622
2019-02-15,0.00830862350134234,0.0029811656266895696,0.0003917281352491753
2019-02-19,0.0029217043160618987,0.006496899892866359,0.002930410466512642
2019-02-20,0.0023479224223085095,0.00012932032131976587,0.0004873098442411698
2019-02-21,-0.002811153027200032,-0.004927861465149847,-0.0017123968577803532
2019-02-22,0.005640562399206244,0.006147023564790693,0.0027003313349113016
2019-02-25,0.000887002738759046,-0.001091179534290753,-0.00021394184488070212
2019-02-26,-0.0007684396417196638,0.0005176146824397159,0.0007378815587198848
2019-02-27,-0.0014942924777735977,-0.00502304151252545,-0.001855769811118545
2019-02-28,-0.002738724244255449,-0.003103437352741451,-0.0011772256832087821
2019-03-01,0.0019276811619841222,-0.006895640305767529,-0.0022365358239628324
2019-03-04,-0.0016664797375206138,-0.0004740643592419423,0.000323235435519302
2019-03-05,0.0010013162628500327,0.0023240401602470187,0.0006507486799572079
2019-03-06,-0.006174149497637056,-0.0023221146759355455,0.0001451842171928025
2019-03-07,-0.007354946779116193,-0.0015466108927205831,0.0003088606733757242
2019-03-08,-0.0009687904935211992,0.004185745318008662,0.001061994487089793
2019-03-11,0.009842656674759278,0.004853666349201496,0.0014231787740422088
2019-03-12,0.0033514566973358684,0.005684654689489165,0.002122689289465531
2019-03-13,0.004692986614909874,0.003370711554188559,0.0006602620019125117
2019-03-14,-0.0015920029820006957,-0.0061311224435522315,-0.001815911850851243
2019-03-15,0.00536352116583593,0.005049775349139997,0.002221020747818365
2019-03-18,0.004088518579653382,0.0017396404388484727,0.0004605382888483519
2019-03-19,-0.0007384108232372448,-0.0002321099064777409,-7.458175347058131e-06
2019-03-20,-0.0004847496312235384,0.002991881956792137,0.002522964203731637
2019-03-21,0.005458414121196218,0.0003338032002201544,0.00031085422354996115
2019-03-22,-0.016530613595246723,-0.0023562114632135573,0.0014014028043871523
2019-03-25,0.0017167202785379307,0.0037822732264655165,0.0019138762764667097
2019-03-26,0.005400599381942582,0.0014638115707964906,0.00044227748698446256
2019-03-27,-0.0036118726233902777,-0.004398678947905162,-0.0001259604036224724
2019-03-28,0.002435975932437392,-0.0014178032211139095,-0.0007768231832786759
2019-03-29,0.004146921371691446,0.003577921165757268,0.0008091451301522749
2019-04-01,0.008905916820721348,0.0033154410973598287,1.2058302938658112e-05
2019-04-02,-0.00010534738062435952,0.002175625677876261,0.0005850078719768117
2019-04-03,0.002798430323260394,-0.0006183227980624572,-0.0011424187830304418
2019-04-04,0.002401973731231752,1.7732863392849307e-05,0.00032213884242112355
2019-04-05,0.004425661948949708,0.005834051139711769,0.0025711040534337633
2019-04-08,0.00023977980779867308,-0.0010758202347907451,-0.00043826564598252124
2019-04-09,-0.004562857740450521,-0.0019371756580861509,-0.0003444788873028247
2019-04-10,0.004470258855856178,0.00380049878228219,0.00256924492384379
2019-04-11,-0.0023623257601714984,-0.003083995189152471,-0.0014543423419310659
2019-04-12,0.004548135669233608,0.0031643893725439875,0.0009696087090017421
2019-04-15,-0.0018573103117966241,-0.0006432838803490125,0.00024333178457929748
2019-04-16,0.0005932236261420853,-0.0025564395932577404,-0.0022311589429527476
2019-04-17,-0.0013721076906400692,-0.0021119857332282934,-0.0017178202153656306
2019-04-18,0.00037782228168695137,0.0027685970532003506,0.0018051650535178454
2019-04-22,-0.001395323983096996,0.001054631075299076,0.0003679004121596604
2019-04-23,0.005028486076096642,0.006610104950698481,0.003569493815215004
2019-04-24,-0.002460187128828908,0.0018431284343846533,0.0020634316080110275
2019-04-25,-0.0023945705086906195,0.000558161394810862,-1.0202680511038533e-05
2019-04-26,0.003532396599939593,-9.367474838248508e-06,0.0013764221087056972
2019-04-29,0.00034410526653150773,-0.001843676395797494,-0.0013679916337507193
2019-04-30,0.0015105290531126645,0.0053814748460320905,0.0035300560522461342
2019-05-01,-0.005772731873623461,-0.004168715696956586,-0.0025141680460445902
2019-05-02,-0.0015922351805727575,-0.0026898299812922574,-0.0023204412840290315
2019-05-03,0.008467912753949591,0.006687905237722237,0.0031417585950721176
2019-05-06,-0.005064575491889923,-0.003055650104526064,0.0009503636265292716
2019-05-07,-0.012640078383673654,-0.010259271942395782,-0.004846811107517698
2019-05-08,-0.0013638199426038047,-0.002328126518493482,-0.0007842769435303054
2019-05-09,-0.0038222736253181173,-0.002427886332093183,0.0003535300484377704
2019-05-10,0.004385086132719117,0.006392349786150156,0.0031230339619030233
2019-05-13,-0.017407692471233242,-0.0108709364492106,-0.003464413787261143
2019-05-14,0.008339737139485142,0.005476978736388123,0.0022587041783785635
2019-05-15,0.0030418607125927803,0.0060940889980069185,0.0031274702890054097
2019-05-16,0.00463150563389452,0.0055705410645437645,0.0027881214132075417
2019-05-17,-0.00679503226385635,-0.003199403778266362,-0.0006022707674946399
2019-05-20,-0.003459826698701377,-0.0041454387103058024,-0.0016512350920319745
2019-05-21,0.006654983456633066,0.004129360361469162,0.0016534532121723288
2019-05-22,-0.004414009912178799,5.752190675160408e-05,0.00028284618908604663
2019-05-23,-0.009122105543908157,-0.006262618657591533,-0.0023378743372636495
2019-05-24,0.004436181141224382,0.0023709792368744693,0.001797749863608152
2019-05-28,-0.004911650103754106,-0.0026815131244233357,-0.0014332948500134673
2019-05-29,-0.003454493172284769,-0.004114620602955079,-0.002286098054653755
2019-05-30,0.0017345188922313988,-0.0012009707502053273,0.0010736036907211869
2019-05-31,-0.007301063220185805,-0.007202912070218898,-0.0026375078959681207
2019-06-03,0.0036099897579392826,-0.0009957122632787987,0.0013559570444360695
2019-06-04,0.012547096870295978,0.009634079983401489,0.0045248943414014356
2019-06-05,0.0006299235096520798,0.00536122388525496,0.003298513999750436
2019-06-06,0.00407998626114479,0.008197790844651876,0.0034563603940349803
2019-06-07,0.006822931785638997,0.008387108151059851,0.004849959437019375
2019-06-10,0.0025638992371128143,-0.0006895423924894568,-0.0018871037480548585
2019-06-11,0.0021046939467654845,-0.0005575837743332768,-0.0007606625051349171
2019-06-12,-0.00374919891208484,-0.004585928032322078,-0.0009073550715114115
2019-06-13,0.0041168977922186305,0.0050685474557175874,0.0029602285761176315
2019-06-14,-0.003246595082303774,0.0014319901218598043,0.0010775059224014275
2019-06-17,0.0006242873966086266,-0.0010815013701518255,-0.0013297051008164876
2019-06-18,0.010470326849973868,0.009500671348525242,0.004457412826617034
2019-06-19,0.003630660277968135,0.005329342100781775,0.003421925972703067
2019-06-20,0.008774763485059692,0.010436727515101713,0.005437753063824454
2019-06-21,-0.0028573877672386735,-0.0034273279269503593,-0.002127127802898041
2019-06-24,-0.0006406757232518528,0.0009725263584306487,0.0007951458918630706
2019-06-25,-0.005613437460091503,-0.005699460831080021,-0.002127718001551622
2019-06-26,0.00038794502815818103,-0.0031115077055994663,-0.003158348959458323
2019-06-27,0.004979541909980846,0.004522933140071048,0.002752834263308455
2019-06-28,0.0031796861142338335,-0.0006214154784712111,0.00034832009377257006
2019-07-01,0.004470892471374582,0.006104544546070928,0.0019680963265552324
2019-07-02,0.000402050507745459,0.0002609997859413447,0.0013271379293001437
2019-07-03,0.006126463598178157,0.008538257053582129,0.00361704368506701
2019-07-05,-0.0025209262421734915,0.00028935071295606047,-0.0018636499911164211
2019-07-08,-0.004395532819120536,-0.0006957968935223201,-0.0006185867594102963
2019-07-09,-0.0004397146467707697,0.002479914460940878,0.00046756112920380935
2019-07-10,0.004747286902226009,0.008140523657579293,0.0033013279091184
2019-07-11,-0.000763741880250247,-0.0020103137766554788,-0.0011292386131550973
2019-07-12,0.00366216432329169,0.0007290415784319426,0.001664225496379863
2019-07-15,-0.0006652162076630676,0.0006177785856785669,0.0007610603081047963
2019-07-16,-0.003065841548088003,-0.005507538328556157,-0.002160780986357995
2019-07-17,-0.0029632842198577683,-0.002016834383201011,-0.0001310008706249283
2019-07-18,0.003171758483298863,0.003427327301970673,0.0016850360259091884
2019-07-19,-0.0038166286372315014,-0.006316172364472951,-0.0027392820826161878
2019-07-22,0.00044691066472491884,0.0022564055386441804,0.0009604309145899487
2019-07-23,0.004403280756481213,0.0005255763883577979,0.0006749868604208608
2019-07-24,0.003817571146938232,0.001339549821099075,0.000686924822496552
2019-07-25,-0.00608864908028311,-0.004354749099441639,-0.0014897465941472285
2019-07-26,0.0029304203271136,0.0044458083654494215,0.0017912701198584844
2019-07-29,-0.00036137239487122344,0.0011187026467794259,0.0002341830454828144
2019-07-30,-0.0014742851663487406,-0.001963149650368914,-0.0006861673640360345
2019-07-31,-0.007539399502072524,-0.00742899304102318,-0.0028324722677998764
2019-08-01,-0.008331976965716477,-0.005390228739834263,0.0007644809362958201
2019-08-02,-0.004647999499735188,-0.002150774797436388,-0.0009093384182083694
2019-08-05,-0.020045817063085468,-0.02102836319957486,-0.005189235627389229
2019-08-06,0.008018201485823316,0.011677643382906878,0.004907828523209314
2019-08-07,0.0017829256221779176,-0.0001272344272187526,0.00046035605915144555
2019-08-08,0.012483745466584921,0.013709258975458721,0.005245040053475147
2019-08-09,-0.005367678461682458,-0.002711577971143426,-0.0015770600057515819
2019-08-12,-0.008659709871236406,-0.006356369523961557,-0.000839873527095511
2019-08-13,0.008925412715125315,0.012765273492476657,0.003514350438394721
2019-08-14,-0.020437835352890905,-0.0195003012155169,-0.006083491804202653
2019-08-15,0.002431708436617163,0.0027250167652784264,0.0028426545760361424
2019-08-16,0.010696824699029425,0.008475633484985442,0.002685398905738853
2019-08-19,0.006048655242047413,0.004296794895761699,0.0013311803578526923
2019-08-20,-0.0031901207697278664,-0.0010516575806397337,0.0006966940541974033
2019-08-21,0.005552121816190493,0.00897724549384956,0.0026945749761398984
2019-08-22,-0.002418978556778715,-0.004052359012582633,-0.001278752759538936
2019-08-23,-0.014268643821781508,-0.015074289950065189,-0.004493925872916775
2019-08-26,0.006470299376544922,0.0041506544663714295,0.0019186367145990228
2019-08-27,-0.0016038372296136815,0.002843697861996613,0.0015803112161100388
2019-08-28,0.004960515676909487,0.005104679972539513,0.002645302008090629
2019-08-29,0.008483246897691853,0.010086895577518984,0.002900754379011974
2019-08-30,0.0006271163610066786,-0.001447709238786084,-0.0011512688946634761
2019-09-03,-0.004189022725269986,-0.0035868150037486712,-0.0004544357998719492
2019-09-04,0.011553864842619208,0.014592784338389994,0.005243927590812221
2019-09-05,0.006101039019703426,0.0028788425288009925,-0.0002962958604993042
2019-09-06,0.0008698832741389686,0.003252921251178719,0.0012697324568903279
2019-09-09,0.0029664964621440946,-0.004144719966611416,-0.0030868286384796227
2019-09-10,0.0012332913724944915,-0.006813383564946511,-0.004679540097001472
2019-09-11,0.005245552708897405,0.0028308872108248704,-0.00021302141437479514
2019-09-12,0.001987370204782393,0.00012730012518775887,-0.00020166064507094966
2019-09-13,-0.0003584811279815375,-0.0061740188587115765,-0.003879273738871163
2019-09-16,0.002495091251980624,0.01226694322874587,0.0037294203498204085
2019-09-17,1.118934285562659e-05,0.0007338542856926936,0.0014598740383438983
2019-09-18,-0.0017690100102173308,-0.0008067716987207433,0.0001168436508088051
2019-09-19,-0.0007840223009307602,0.0006370487249823075,0.0008783734908400299
2019-09-20,-0.0006539977329651661,-0.000371184934471896,0.0005584193939313429
2019-09-23,0.0008698498715446459,-0.00026145570239713645,0.0008042045596688518
2019-09-24,-0.0056034272182456995,-0.003379913575088646,-0.0004778742433367268
2019-09-25,0.0008998151441008661,0.0009455729398210822,-0.001164550332253638
2019-09-26,-0.0006780305308562584,0.0027625396169705507,0.0009310110703780266
2019-09-27,-0.004241220334920312,-0.004598456275290576,-0.0013509134093237594
2019-09-30,0.001811697802245272,0.0007510210055954436,0.0011937256769045845
2019-10-01,-0.008718684290910618,-0.005387528645563745,-0.0021450705273209285
2019-10-02,-0.01085892922512955,-0.009618663257338216,-0.00501714763421903
2019-10-03,0.006572403622632632,0.008154543592942229,0.003604331632927592
2019-10-04,0.008024011130623614,0.011392234602324552,0.005446762815699611
2019-10-07,-0.004178732204530975,-0.005304991812084242,-0.0027732324146215333
2019-10-08,-0.009142591015169775,-0.009287810351086822,-0.003698099432619044
2019-10-09,0.005258058168689137,0.004801573413218181,0.0018082244675026464
2019-10-10,0.004160109458207234,-0.0002051932139904096,-0.00038945664879286843
2019-10-11,0.010019007680049059,0.0015717451173149855,-8.06062420410081e-05
2019-10-14,-0.0016948487573559179,0.00010878033121635786,-0.00013581917877608868
2019-10-15,0.005740913414593192,0.0012776173069608114,-0.00016085947163629974
2019-10-16,0.0002813085757549783,-0.0006527862907427331,0.0011098810825216823
2019-10-17,0.00363200368752486,0.0010075457144738626,0.000787371583175573
2019-10-18,-0.0010808887180418013,-0.0009383961851209795,0.00037894311342396333
2019-10-21,0.004233278802055759,0.0028481259950186035,0.0001531559170705703
2019-10-22,-0.00012243234672809118,-0.0025271394345620112,-0.00010714733391729901
2019-10-23,0.0024283268844575035,-0.0005375080542929524,0.00043461318372676105
2019-10-24,0.0013246801582318846,0.0034111362757367537,0.0005839918920349981
2019-10-25,0.0025872029916058623,-0.0013356618657300863,-0.0020425088924824475
2019-10-28,0.0027016159678025105,-0.0018998073866446344,-0.0022259038979515746
2019-10-29,-0.0003775276029436074,-0.0010544226735731206,-0.00019621114133159157
2019-10-30,0.0016429416678976794,0.007507036024630506,0.0038199600635200337
2019-10-31,-0.0026710115469528147,0.0019220634048811899,0.0015067730398544013
2019-11-01,0.009034538141341645,0.0028617765220067316,0.001076173166276817
2019-11-04,0.003960011531963507,-0.004481498780338385,-0.0030637039596853534
2019-11-05,-0.0011017047363105323,-0.006009550604626188,-0.0031051945271262345
2019-11-06,-0.001004009453286886,0.0027790735202963385,0.0018990647222947032
2019-11-07,0.000569022095528938,-0.006257995872454171,-0.004612537743932299
2019-11-08,-0.0005926393942232553,-0.0006342445454632227,-0.0006913177827712725
2019-11-11,-0.0025039827854835646,-0.0012061342750698102,-0.0010650541106092763
2019-11-12,-0.0004644001010275861,0.001038328871077151,0.0007623128978470565
2019-11-13,-0.0007929483979171627,0.005535517753816379,0.0029219158544172468
2019-11-14,0.0006901932036313093,0.004266617220177528,0.00248438939992004
2019-11-15,0.004747103094787227,0.0032663331805615464,0.0011602227714080106
2019-11-18,-0.0005691173772046873,0.001898976842211054,0.0010252608008641858
2019-11-19,-0.0005397594870447577,0.0005813360897240717,-0.00098831946253305
2019-11-20,-0.001565551604078324,0.001166771457108144,0.0014074752243881923
2019-11-21,-0.0015966175590410806,-0.005986038855639304,-0.0021699270389562916
2019-11-22,0.0016211634395155278,0.0007939634327970285,0.0011680395686259478
2019-11-25,0.006152289708487362,0.004773256594638134,0.0013885756572832473
2019-11-26,0.001434145718457553,0.005528908702572498,0.0031063873340592377
2019-11-27,0.0019305125032899667,0.002570693212229604,0.0010168983568752976
2019-11-29,-0.005663844333092698,-0.003812958674363628,-0.0016935994579541842
2019-12-02,-0.005471000018046365,-0.010808042882794527,-0.004313419100846049
2019-12-03,-0.0022879402791304293,0.00226532759972054,0.001798309604788583
2019-12-04,0.005698870339324223,0.0028050829469153326,0.0012891236632981494
2019-12-05,0.0008242696575624601,0.00039812118698788414,0.00014640852428644168
2019-12-06,0.005333941059478655,0.002436244826283203,0.0007981810602019129
2019-12-09,-0.0021274969324591407,-0.0007809218411006997,-8.385237431177291e-05
2019-12-10,0.00020506373723573075,-0.0007568391737040386,-0.0004850763476514911
2019-12-11,0.003127109168590488,0.003581654006639716,0.0017995566209627074
2019-12-12,0.006802394648146125,-0.0011879436052609836,-0.0011109843573784623
2019-12-13,0.0008778996419827052,0.00511993735308801,0.0032699655634714194
2019-12-16,0.005775256387103948,0.0029898077641082434,0.0014152941725188782
2019-12-17,0.001037029087472805,-0.0004919699566893165,0.0010558891963645452
2019-12-18,0.0005606723598762613,-0.0007202448545266635,-5.824963329107346e-05
2019-12-19,0.0020897223305312005,0.003971745938532802,0.0013216573567428147
2019-12-20,0.002533782550058445,0.004373403041442158,0.0015743444821712956
2019-12-23,0.00047618595133589375,-0.0024792032457562423,-0.0018279267921741645
2019-12-24,0.000988073029883707,0.0018734941025884844,0.0013565430663127504
2019-12-26,0.004041574236934428,0.004095379781602265,0.002342899326602504
2019-12-27,0.00036548465734392394,0.0014358325904480311,0.0013277964037107072
2019-12-30,-0.0036275765877548127,-0.003443456116173634,-0.001363582080302201
2019-12-31,0.0017651294655458831,0.00017062839986351703,0.0001473591482263448
2020-01-02,0.006321855607683647,0.009262267092414974,0.0036527442262373477
2020-01-03,-0.004546902083950689,-0.003760311871229317,-0.00046275990678963284
2020-01-06,0.0006861975667152574,6.586092890286787e-05,0.0011763025587316637
2020-01-07,-0.00170174431799281,0.002207930761587675,-0.00016347304510683135
2020-01-08,0.0009421789696527457,0.0018576543554816652,0.0014776709674986315
2020-01-09,0.0029742926344848105,0.004934007946200016,0.003711436404599422
2020-01-10,-0.0005832417855276089,-0.0008942903807810245,0.0002109589106806085
2020-01-13,0.004693708267084228,0.0070727504214445295,0.004105073245600354
2020-01-14,0.0004281285928464638,-0.00044279730993263206,-0.0004602259644917279
2020-01-15,0.00018832855575804568,0.0011348030200429976,0.0031121735504913584
2020-01-16,0.005104689642940942,0.008355498558824932,0.005102405844944041
2020-01-17,0.0017210437636232642,0.0047827885407442814,0.003425752357131478
2020-01-21,-0.005326366664538098,0.001263975413118929,0.0018955170188815506
2020-01-22,-8.766044259921461e-05,0.0036399862090707906,0.0019178727087097018
2020-01-23,-0.0005923230138695717,0.005175658898335856,0.0036898376933717767
2020-01-24,-0.006277797837467621,-0.0034767299794425995,-0.001388326705062159
2020-01-27,-0.013675308325153197,-0.015347839916482267,-0.007140914515747766
2020-01-28,0.006499245114543657,0.010513778971154283,0.005497098458251614
2020-01-29,-0.0010086083634055808,-0.0024918529993993308,9.481557479633785e-05
2020-01-30,-0.00046095271093447154,0.0037371367730836377,0.003973895229548909
2020-01-31,-0.013010087891523598,-0.015642836345821705,-0.007585502685288574
2020-02-03,0.0029385953197000156,0.00763183919877871,0.0040685330243074355
2020-02-04,0.01101330737665138,0.011116654225954644,0.004578858734798667
2020-02-05,0.008671155897170607,0.007325589467473849,0.0036616205867213776
2020-02-06,0.0009766887310606787,0.0029861130069122792,0.0021595736482652624
2020-02-07,-0.005946968474138137,-0.007043516441739139,-0.0026141726541242974
2020-02-10,0.002859914776609463,0.008372383206918485,0.005253784296951605
2020-02-11,0.004446774638783698,0.004745168289549261,0.0012428395081252386
2020-02-12,0.005920099022708017,0.005935939993558397,0.0026072987854164867
2020-02-13,-0.0015941244241487235,0.0025844277554933773,0.0023484900576216496
2020-02-14,0.0007629559964358939,0.002984564479698912,0.003096651996007145
2020-02-18,-0.0012835685541750536,-0.0011401467875182514,0.0008643042763634436
2020-02-19,0.003879166886262718,0.007353134476398683,0.0021538718876947215
2020-02-20,-0.0027062122019143814,-0.005390783541013878,-0.001845154772116771
2020-02-21,-0.004934984261392143,-0.01045457697157785,-0.004434742192092015
2020-02-24,-0.024780422273220262,-0.025746283007611597,-0.01395815634944303
2020-02-25,-0.020114202581479546,-0.023935223479462225,-0.015387677177275877
2020-02-26,-0.004497772405718555,-0.000808542591987775,-0.001164537575652893
2020-02-27,-0.02904473755601298,-0.03846231839687299,-0.026635043397021024
2020-02-28,-0.008346170924462685,-0.00579977527754317,-0.007793655576894244
2020-03-02,0.025058340248950893,0.04021436401953898,0.02931846343316799
2020-03-03,-0.010208735575727048,-0.017978420423028253,-0.008899641976406641
2020-03-04,0.02392476373369517,0.0379499029676733,0.026078212345946462
2020-03-05,-0.021705943061400515,-0.020270402652720256,-0.012748822437403409
2020-03-06,-0.015080250164197867,-0.010997146548055845,-0.00810757892950383
2020-03-09,-0.06863996614446931,-0.05937898038869457,-0.03976534323906189
2020-03-10,0.03216847869277504,0.036464222938945676,0.018292172594164616
2020-03-11,-0.04309597434999024,-0.044471536607482216,-0.033519273233682596
2020-03-12,-0.08563899005365244,-0.0893720991419139,-0.068770526987783
2020-03-13,0.05980124425681004,0.0709760042005456,0.04858294973006657
2020-03-16,-0.09528498630066869,-0.1068464568047075,-0.0753699883414217
2020-03-17,0.03535015774441276,0.06638118236847018,0.04520040931784406
2020-03-18,-0.062059398067469525,-0.053709293157232295,-0.04535502355496894
2020-03-19,0.008436161260244447,-0.0039133856638801125,-0.018383621984976943
2020-03-20,-0.017123962488804382,-0.03115546865801022,-0.025306831219387663
2020-03-23,-0.01660836668843249,-0.004424632705912393,0.002891701186009059
2020-03-24,0.07049632407707053,0.08676018658443296,0.06112788103087684
2020-03-25,0.02509918999445261,0.005137519680429345,0.015281861643411101
2020-03-26,0.04123181284507418,0.055787187388443835,0.04213316638111442
2020-03-27,-0.026408933696210345,-0.026389069203507826,-0.014633816544598636
2020-03-30,0.01431017843637636,0.028460195022019276,0.021618340872016063
2020-03-31,-0.008285294630076807,-0.021628632707810024,-0.015005949336612399
2020-04-01,-0.03785349923023451,-0.0031617064633396564,-0.004537195782133734
2020-04-02,0.01890025541315653,0.0034648938376710143,0.0016185917073445826
2020-04-03,-0.012133132255812968,-0.0011623575145571824,-0.00074214810879478
2020-04-06,0.05029208195850847,0.007584322926188253,0.0039001900863780805
2020-04-07,0.005957521211298502,-0.002781336704390304,-0.0017583959660073707
2020-04-08,0.025084440640510908,0.0018574935810923825,0.002997598855619637
2020-04-09,0.01906400595355317,0.002699476353211341,0.007289198364320549
2020-04-13,-0.009499528723794512,0.00017810158977016641,-0.0009201199952549802
2020-04-14,0.015598386770331815,0.0054680811290893205,0.001056102790123481
2020-04-15,-0.02471008135689066,0.0024828845782489868,0.0002841476063108682
2020-04-16,-0.000800444406049421,0.002535507914350735,-0.0004377479896328222
2020-04-17,0.023691353144001885,-0.0012545003114487498,0.00033339437190930114
2020-04-20,-0.013700875539126895,0.0002872892324861623,-8.304088853280807e-05
2020-04-21,-0.024209147604532633,-0.0030225738618320586,-0.001639091734215292
2020-04-22,0.014679962985704722,0.0025287514952603567,0.0003904091359625011
2020-04-23,0.0011616312264946741,0.0007191265934740091,0.0006914289832808053
2020-04-24,0.006499572771128147,0.0017614210340354845,-0.0010116407319710995
2020-04-27,0.013482236527308745,-0.002262212980788291,-0.0020663166977902413
2020-04-28,0.004464899250153111,0.0007618557202838674,0.001862629210071132
2020-04-29,0.02430537041110333,0.0035911990300948565,0.0010508277027147564
2020-04-30,-0.013358514420674912,-0.0025668479732193312,-0.0002581683074961084
2020-05-01,-0.022827202776400126,-0.0024604357079021136,-0.0027993958656654903
2020-05-04,0.0047277789167191366,0.001060258443654892,0.00017852025082750757
2020-05-05,0.006638064720122638,0.001475518663003153,0.00133504291248884
2020-05-06,-0.009331003705628392,-0.0019910016028711407,-0.0026520373088425556
2020-05-07,0.010130131021142455,0.005625749129005702,0.003969214817589964
2020-05-08,0.017766141100814155,-0.00039247378579016455,0.0006177799980684277
2020-05-11,-0.005126278835693925,-0.0011995702866151976,-0.0021630747780740592
2020-05-12,-0.014574491904259444,-0.0004916665893838762,-0.00040724214355833594
2020-05-13,-0.014779867224585833,-0.00045028495919282707,-0.0016293099662332206
2020-05-14,0.0068430470311458885,0.0030846974529870072,0.0016228840111288262
2020-05-15,0.0014561906171365812,0.0002140314345223709,-9.249110847865646e-05
2020-05-18,0.03398321009716934,-0.0015693852992302647,-0.0007510428895168581
2020-05-19,-0.00916068631979417,0.0013571940870783035,0.0010286786768709285
2020-05-20,0.015299162894159259,0.0030057620003673844,0.0035053622326588992
2020-05-21,-0.00488847297664022,-0.0015905910550438477,1.889962577846557e-05
2020-05-22,-0.001384163969860163,0.001309162189703882,-0.00015163356823494567
2020-05-26,0.01878777855089707,-0.0020188838343322183,6.312859168656675e-05
2020-05-27,0.01191411598295396,0.0008562626460383862,0.0007624794200422079
2020-05-28,-0.002991114520448433,-6.634945550823258e-05,0.0011201136929145429
2020-05-29,0.0033412469847688476,0.0037962955604801123,0.0031194927836182473
2020-06-01,0.010224653711795501,-0.0005516856964300825,-0.0004154288188234081
2020-06-02,0.010396555205068369,-0.00020532389981167866,-0.0002886603966113442
2020-06-03,0.01582141571991437,-0.002931862450576127,-0.001138834127326311
2020-06-04,-0.001000955919352461,-0.0020719021543632713,0.0005850015354010373
2020-06-05,0.021453291479155843,-0.0009403039545019369,-0.000969666647209687
2020-06-08,0.012512537992389801,0.0013385702686720426,0.00042973589757707695
2020-06-09,-0.010352575855773104,0.0028024430965305812,0.00018559857983579476
2020-06-10,-0.006542684863322049,0.005669713224861167,0.002895234968974411
2020-06-11,-0.04832096520253571,-0.0045466561858450855,-0.004246359701594872
2020-06-12,0.014687258370591611,0.00011147275834509538,0.0009994407497890276
2020-06-15,0.006362476664131704,0.0009903932149764162,0.0007005229317128288
2020-06-16,0.01159459269079702,0.00041269873012927396,-0.00039194990201897454
2020-06-17,-0.003084188726165208,0.0007702244754416916,-0.0003287439766283098
2020-06-18,-0.0007290826094290232,0.0012589368943015959,-0.00019842097389181088
2020-06-19,-0.0033485291239594337,0.0005185574447982854,8.885708066904053e-05
2020-06-22,0.00594307980850418,0.0013568445528442685,0.00042475615284670777
2020-06-23,0.002614065551934445,0.0006307552050428803,0.00031035170913315
2020-06-24,-0.02157274023049821,-0.0012982613582052914,-0.0018342182046816179
2020-06-25,0.008533265948509025,0.0013010124404951153,0.0005606145444740746
2020-06-26,-0.015629442523116197,-0.0007412735133661276,-0.0023952848128321403
2020-06-29,0.013137906196079385,0.0020051526665392813,0.00268205037930641
2020-06-30,0.0071507912883758545,0.0016113624225049244,0.0019517829722952406
2020-07-01,0.0024720897881343952,-0.003401470479777475,-0.0017105262095469108
2020-07-02,0.007075824859035272,0.0030515058295271244,0.0023763216346112392
2020-07-06,0.013017823754347227,0.005269016138114469,0.0014327773610385472
2020-07-07,-0.009999797233718685,0.003663593580842239,0.002107309865208327
2020-07-08,0.006986344507540301,0.0037711043218668257,0.001072146057164948
2020-07-09,-0.008234182374782446,0.005792386650596738,0.0040249145079326466
2020-07-10,0.007572229594705629,-0.002985738602867398,-0.001885070846808871
2020-07-13,-0.006392627861478332,-0.002525040780261937,-0.0007478559991151427
2020-07-14,0.010361800448673008,0.004855392030331316,0.0022141545646942404
2020-07-15,0.011151447511230308,-0.0005720945038815739,-0.0004717571174752175
2020-07-16,-0.003765784520207181,-0.0031340852222363717,-0.0002657229397663107
2020-07-17,0.00290491399722788,0.0029677322286508854,0.000945944538561462
2020-07-20,0.0021350830882923277,0.006901940787610972,0.002924012387739211
2020-07-21,0.00756416255629638,0.002526194328552188,0.0010212978826756966
2020-07-22,0.004757351213821464,0.006517007193969341,0.002348454511162037
2020-07-23,-0.004762257280318342,0.0013620434240347538,0.0006307113030933228
2020-07-24,-0.004140752385445215,-0.0004790692594806127,-0.0007492368941374045
2020-07-27,0.00757570464499987,0.009714520813918373,0.003033829237758743
2020-07-28,-0.004250511257087218,0.0014848770036791923,0.0008328763507835943
2020-07-29,0.011054451007881001,0.005847448696118354,0.003168933704248241
2020-07-30,-0.00710705152905585,0.002371580912041972,0.001896805415785242
2020-07-31,-0.0028230637906793447,0.004816030823131089,0.0011297275767844506
2020-08-03,0.006896457874906824,0.0033291586098471533,0.001346589283000807
2020-08-04,0.0067249861116145,0.01145584931348028,0.005194885243758239
2020-08-05,0.006432861006637421,0.00028404244841897266,-0.0014841408849617197
2020-08-06,0.001196520759501715,0.006786069561429962,0.0024429922897153712
2020-08-07,-0.0004169847311497998,-0.009754226890889625,-0.004201870868024355
2020-08-10,0.004431537298212429,-0.0024760819898254735,-0.0012095292158022968
2020-08-11,-0.0056248391084492925,-0.022724268224367686,-0.00859544182886501
2020-08-12,0.00927900726759737,0.0017131290752772815,0.00028945744462468225
2020-08-13,-0.0018858414123314989,0.00269222033431537,-0.0013414754285459348
2020-08-14,-0.0005108420377372928,-0.0021223599312283725,-0.000663201368378679
2020-08-17,0.005475176206956955,0.009324220728673728,0.0037801211781751305
2020-08-18,-0.0007503225558242014,0.0046832965154329125,0.002103532136236905
2020-08-19,-0.005402921717224498,-0.011923687224807435,-0.004225511987755778
2020-08-20,-0.0006407427192219262,0.0049702175454883315,0.0025150319235390946
2020-08-21,-0.0011165463118727025,0.0012484691784810495,0.001082038031134758
2020-08-24,0.009358618966562694,-0.0003774239649673376,-0.0002772646430647365
2020-08-25,0.0019172036471968093,-0.0003219461804747428,-0.0009829059344816588
2020-08-26,0.0014201761435759656,0.004885114767820569,0.0011204906581520585
2020-08-27,-0.0007248439742953439,-0.009723844936040758,-0.005221454593277983
2020-08-28,0.00722893783420122,0.008328473077038158,0.003455928947376511
2020-08-31,-0.006726678005249985,0.002482107026822881,0.0013812778701272606
2020-09-01,0.0056355745647292035,0.008058789072081492,0.004733941596205454
2020-09-02,0.007253271431913803,0.0029169770096498728,0.0029701005740665233
2020-09-03,-0.019318778356566115,-0.013518984535732916,-0.005168677383983171
2020-09-04,-0.002729601732108794,-0.00743932220725602,-0.005677064650787053
2020-09-08,-0.017685692068354544,-0.008634991474103258,-0.0029707357493759367
2020-09-09,0.013426085680937458,0.008549194999846459,0.0032191503571957405
2020-09-10,-0.011558164233154844,-0.0033927732270462568,-0.0007851768751022005
2020-09-11,0.0026318061911563616,0.00021864636563754365,0.0009182776391927285
2020-09-14,0.011458471038116322,0.006522988282212361,0.002224436083567656
2020-09-15,0.003562092843858772,0.0016697426531727105,0.0010740424438437281
2020-09-16,0.0022105170556686615,-0.002566304070164869,-0.0014074784493104194
2020-09-17,-0.002904641233266622,-0.0019104722373695622,-0.0003902647714138824
2020-09-18,-0.006632070208831193,-0.004091228706703713,-0.0021374732816504967
2020-09-21,-0.01737341825790166,-0.003943934393441669,-0.0004713387186207294
2020-09-22,0.0012179748765203846,0.0013063246592047717,0.0006609706828659682
2020-09-23,-0.016617499399098682,-0.01175586983061422,-0.0041067833317245585
2020-09-24,0.001773923256516461,0.003604874303647136,0.0013996708058389385
2020-09-25,0.006944304922317588,0.0032681128396863136,0.0016799453751615086
2020-09-28,0.013649983651385509,0.007289887062877944,0.0028210333061645166
2020-09-29,-0.0046920095529430755,0.0029778384053079157,0.0013029389425792464
2020-09-30,0.004455214916654489,-0.0036455046493245455,-0.002382593732494267
2020-10-01,0.005418512514287697,0.008394992944666932,0.0025178614706829363
2020-10-02,-0.002355439888243213,-0.00859758067815515,-0.0026787678894107186
2020-10-05,0.01517690799058701,0.0032065427470861834,-0.005104235792633218
2020-10-06,-0.006429353085137343,-0.004153532046259496,0.0012208279470935304
2020-10-07,0.011006964408136484,0.0023965690109325815,-0.0017376248904886586
2020-10-08,0.008951203865142135,0.0058739667597510255,0.0029820045752146813
2020-10-09,0.0048798594782404545,0.00954475949163378,0.0021579278303500648
2020-10-12,0.005834640720230233,0.004829595297338123,0.002193553822073465
2020-10-13,-0.006420608906798294,-0.0033982611285486098,0.0010755736159066545
2020-10-14,-0.0030905063205344304,0.0003299463378581424,0.0004484785825618609
2020-10-15,-0.0006960087831777053,-0.00023297874483925495,-0.0009331685374469289
2020-10-16,-0.0005669049768599949,-0.003245686659888676,-0.0010201399775333052
2020-10-19,-0.007337677680708601,-0.0029950116305973782,-0.002018153629324992
2020-10-20,0.004790736546458446,-0.0011892151685666433,-0.0022801840187886948
2020-10-21,-0.0031420938691471365,-0.0002606280066143751,-0.0012392010014930475
2020-10-22,0.004505023010705744,-0.006696987400612309,-0.004481135935590485
2020-10-23,0.003354024160809738,0.001062788103035028,0.0018186953046881295
2020-10-26,-0.01459667141011163,-0.0028747460678947,0.002179347262552508
2020-10-27,-0.00451232718963993,0.002286851689176524,0.002926746121270513
2020-10-28,-0.025122762693627454,-0.013416290097480917,-0.0027906312793272905
2020-10-29,0.004996365946012341,0.0013740067097056906,-0.002681737960692323
2020-10-30,-0.005453565833740676,-0.006063064990673588,-0.004173130320159707
2020-11-02,0.012813148350598177,0.006535795298945059,0.0034325490757141225
2020-11-03,0.014478004191073424,0.004798179018697121,-0.001112674440161713
2020-11-04,0.010510106750043137,0.016024497756970332,0.011416566415842147
2020-11-05,0.016845366029423985,0.017672427298745488,0.004063072365686663
2020-11-06,-0.0019978281730449713,1.1244494665646379e-05,-0.003342491587873923
2020-11-09,0.01961975060250653,-0.022830033987215566,-0.012026152810615549
2020-11-10,0.006410075084129574,-0.007830733383028084,-0.0039622215088925454
2020-11-11,0.004098740908685279,0.008225769805142991,0.0026293063665919943
2020-11-12,-0.00966373334299577,0.004197971339606202,0.006368678116877355
2020-11-13,0.01299232650197349,0.004825286857363207,0.0011204551279312156
2020-11-16,0.012300913844328916,0.005104158947544688,0.00027690656403416507
2020-11-17,-0.000812372547882653,-0.0010298908623611806,0.0016127374901535332
2020-11-18,-0.0065464011672067375,-0.002869507303594122,-0.000649096102588013
2020-11-19,0.004086612267233567,0.004227940664497291,0.00277370840895804
2020-11-20,-0.0007945732860147367,0.0021771672845648598,0.0029825606754434247
2020-11-23,0.005967859279153869,-0.004418442602624599,-0.002685046700915128
2020-11-24,0.01305147733950744,-0.00593230173295366,-0.0033298151265849134
2020-11-25,-0.0016299040287053295,-0.0009095794823155748,-0.0006331804009993791
2020-11-27,0.0022756027327384323,0.002538322368592117,0.003536948745525214
2020-11-30,-0.011202047438779804,0.00018410596797392953,-0.0008309285518344797
2020-12-01,0.010422052865309079,0.005649519059913502,-0.003624113410557747
2020-12-02,0.00124591912060519,0.0002772721040680873,-0.0019964079987264778
2020-12-03,0.003265756356568535,0.0050679190738485294,0.003959584410669685
2020-12-04,0.009037263973483221,0.0008144163156217322,-0.004143833459706461
2020-12-07,-0.0021123270185030756,0.00842572103694416,0.00454024798378951
2020-12-08,0.00313877017108116,0.0030008080177142352,0.0018846743890139782
2020-12-09,-0.004683928895139021,-0.012829399891156215,-0.004038450488619802
2020-12-10,0.004414806698813277,0.001969221159703073,0.0034212062247333565
2020-12-11,-0.0025553592918502784,4.119736197032281e-05,0.0012997752950260723
2020-12-14,-0.002319572597439927,-0.0002928966942479901,-0.0009482691186528745
2020-12-15,0.011392763216101293,0.007293064771687594,0.0007035767722415242
2020-12-16,0.0011344536697605178,0.0010487242761870056,-0.0003057632829280284
2020-12-17,0.006330098910095949,0.003153871377860457,0.00047231549638851044
2020-12-18,-0.003450960277762869,-0.0025621706484561554,-0.001212210442490351
2020-12-21,-0.0064188661086224215,-0.0006760957197575843,0.00039306986343406314
2020-12-22,-0.0016623195959800045,-0.0005896236878847104,0.0009854568122573883
2020-12-23,0.005587638984458758,-0.0021415856532098158,-0.001575279839430462
2020-12-24,0.0019971268320324847,0.004646072791342052,0.0013760142718286584
2020-12-28,0.001488373214381667,-0.0007041620074135287,-0.000619126940680064
2020-12-29,0.00035198271792741503,-0.00020035667665266804,0.0007988759485471978
2020-12-30,0.005389058277736225,0.0064496153328512645,0.00263605073626914
2020-12-31,0.0010250323419114579,0.0023759440857120794,0.0007788972512636794
2021-01-04,-0.004648303008935997,-0.0036285896374995373,-0.0020920653784252904
2021-01-05,0.010347064258742046,0.007822110983702897,0.00394032343312447
2021-01-06,0.008897126778899124,-0.007533175753283457,-0.00644749498682047
2021-01-07,0.006551455466178664,0.019481024376030418,0.008268649828705205
2021-01-08,0.003835246604193895,0.0010175812343221453,5.26027259647768e-05
2021-01-11,-0.005391746710019316,-0.0006120453091943033,-0.0013966094115694157
2021-01-12,0.007089959043499158,0.003222964121185631,0.0013148344067575929
2021-01-13,-0.00017185784438086363,0.004455801702286982,0.00476282040519359
2021-01-14,0.004852332874448768,0.003198870099611646,0.0007545941447069119
2021-01-15,-0.008907878684470493,-0.009308682001507869,-0.00485449495672095
2021-01-19,0.0066693115321301245,0.014352449696494126,0.008054554196093522
2021-01-20,0.00725914133753635,0.008434741588074592,0.004131201057622322
2021-01-21,-0.00222200988206611,0.005804785323125784,0.0037331744506815204
2021-01-22,-0.003808343034529553,-0.003734508354603338,-0.0023990862529045995
2021-01-25,0.0023614497002914596,0.005332344432141849,0.004261914875913549
2021-01-26,-0.0012653540183448404,-0.007294394758820847,-0.0035609559646676394
2021-01-27,-0.01666339346899858,-0.02180983755214519,-0.01130370619000018
2021-01-28,0.005386050941354361,0.0065805913696064065,0.002885724098435301
2021-01-29,-0.01381749075760779,-0.016089664269782616,-0.011272647098324883
2021-02-01,0.014761605467526832,0.02149302030409573,0.011601259941626743
2021-02-02,0.00808438595194907,0.010680930777980695,0.005628547166674903
2021-02-03,0.0017357606888598717,-0.007444288428640786,-0.004947459167576894
2021-02-04,0.005985791809956805,0.006617130782727625,0.0038004825605910996
2021-02-05,0.005643690932224203,0.0005433048449449868,-0.0019983677753937935
2021-02-08,0.008864785144156926,0.013796033451462466,0.007079223712133553
2021-02-09,0.0014708885908766174,-0.0003240489314650812,0.0005544984125714614
2021-02-10,0.00020829600130713676,0.0010084591307708596,0.0018094166658724567
2021-02-11,0.0019093042647791187,0.010055410921194302,0.0050424063175389475
2021-02-12,0.003443987083113929,0.001277013396400936,-0.000850383796806927
2021-02-16,0.0010362487267595217,-0.004882926388257353,-0.004130161412981122
2021-02-17,-0.0010207992666633901,-0.00516656632227725,-0.00204501999784833
2021-02-18,-0.0060057272028530995,-0.005858455350932817,-0.0035502688303287386
2021-02-19,0.00360041574872783,0.004630587710954595,-0.00013483378060639723
2021-02-22,-0.0034671791652824604,-0.01959877706289867,-0.010314437616938931
2021-02-23,0.0017211679493095715,-0.003643220062836887,-0.0009766039614098087
2021-02-24,0.008013479853684882,0.010146875787555765,0.005664878344161324
2021-02-25,-0.020468477081704663,-0.03305046553451584,-0.022828859475699185
2021-02-26,-0.006910807693928765,0.011448821495047693,0.010509528428417975
2021-03-01,0.016950529337992938,0.018125493890847347,0.009521482074131721
2021-03-02,-0.004090751034298638,-0.013342068391163054,-0.006294668694824885
2021-03-03,-0.006663490896949646,-0.020617673765396086,-0.011680418065514613
2021-03-04,-0.010716608908926631,-0.02347015762345982,-0.014310471060830438
2021-03-05,0.012516309847382856,0.014847192246442893,0.008158738707106303
2021-03-08,-0.004379644593083474,-0.022808816206486112,-0.01425084697508198
2021-03-09,0.011215365912976932,0.03076391811753086,0.01770648119832117
2021-03-10,0.006721720563676878,-0.0031067580271319983,-0.0003719973321952636
2021-03-11,0.010006333633405437,0.019654943739564522,0.010258016731348693
2021-03-12,-0.0008045572376747401,-0.009801286425204175,-0.009515888568078003
2021-03-15,0.0035598875892944673,0.011419041920901393,0.006522244850175992
2021-03-16,-0.0023639748318674777,0.001962082054980643,0.0019486773941397233
2021-03-17,0.0031631195975270255,0.002510964297831014,0.00014125077810384307
2021-03-18,-0.014712304024993024,-0.024364580781232176,-0.015137855127586669
2021-03-19,0.0029918168828087345,0.0069920328597497215,0.002847223257211153
2021-03-22,0.00026511654229354565,0.013609733098526203,0.009568372739906301
2021-03-23,-0.012361478817235321,-0.01066707661207981,-0.0033073179324057973
2021-03-24,-0.004017208240610759,-0.010067583044877109,-0.0026662013309952477
2021-03-25,0.005158821639153422,0.0021987913451632867,0.000305676336569115
2021-03-26,0.01437571456915815,0.01950672734748387,0.010743396038010791
2021-03-29,-0.00535154269658676,-0.008650701807093849,-0.005253115598485461
2021-03-30,-0.0001109025411214111,0.0006666376797785807,0.00043147559109703196
2021-03-31,0.002939116358000106,0.01128180799152596,0.004225486323093854
2021-04-01,0.010649706477346645,0.013527075632779115,0.002425030699820612
2021-04-05,0.005147405451068058,0.008542573406979686,0.0008465056383312455
2021-04-06,-0.000103923724580949,0.002245969981448133,0.0015999523890810094
2021-04-07,-0.0025569339480314393,-0.0027187917887291054,-0.0004267062549173548
2021-04-08,0.004596785001099754,0.00861019074967933,0.002931929816388703
2021-04-09,0.0005549617180930705,0.004473119853755556,-0.0006114041209907176
2021-04-12,-0.0021562894112804646,-0.002967877068769755,-0.0006858892981268432
2021-04-13,0.0032287034631030306,0.00480731856627856,0.0013541684946851693
2021-04-14,0.002888587362010597,-0.0024421114577342852,1.4823177308560131e-05
2021-04-15,0.007858624126775333,0.012391795099605002,0.00425989109460652
2021-04-16,0.0028560242674530545,0.004827492401062107,0.0007620767155660438
2021-04-19,-0.003767483769315801,-0.004678324005936419,5.325648895153351e-05
2021-04-20,-0.00755560364709521,-0.008113860380376982,-0.0002546039797711225
2021-04-21,0.008598116193042727,0.011931489917689761,0.0028005244052819143
2021-04-22,-0.003516462797102729,-0.007415104396492563,-0.0024362404546787574
2021-04-23,0.008640980549667688,0.010069678565281825,0.0027743612764223437
2021-04-26,0.0036343789317259726,0.0035501411503403267,0.001702915790062283
2021-04-27,0.00033350199747726777,0.0003078600061100162,-0.0005731176772323624
2021-04-28,0.0016820205780942342,-0.0021096882976312974,0.0008451726660459189
2021-04-29,0.0022591891028607785,0.0012482187369708966,0.0006162949481127808
2021-04-30,-0.007789760486428773,-0.009499862665229158,-0.0020230529226538388
2021-05-03,0.005030644965497048,0.009161774600735332,0.001652341531188879
2021-05-04,-0.00457579064704342,-0.008776005968034857,-0.0032692774225529736
2021-05-05,0.003305186471029452,0.0032546445644985418,0.0014504771865132915
2021-05-06,0.0063422692164171466,0.010467343070574505,0.0032726614469099947
2021-05-07,0.008161704126598137,0.00848823000979578,0.003875508710428698
2021-05-10,-0.007979642045377003,-0.011370553200424008,-0.0028975784682532383
2021-05-11,-0.005676735579192465,-0.011544070383575874,-0.005355155331703748
2021-05-12,-0.017809609320439356,-0.028067311414345795,-0.010119700268209568
2021-05-13,0.00583073375550571,0.012684315221805076,0.004624709558132404
2021-05-14,0.01315697263501443,0.017062590154346184,0.004217432364117684
2021-05-17,0.0013677197587484507,-0.0029252006262739483,-0.0025224074191148712
2021-05-18,-0.0021728084020230264,-0.0004927915052462419,0.00462231761547437
2021-05-19,-0.005810188793965717,-0.00814010539034165,-0.0032968696084674674
2021-05-20,0.007051069637180508,0.009431916597155504,0.0025058411844549604
2021-05-21,-0.00041831634839516397,-0.0032646121001396787,-0.0012462177409921322
2021-05-24,0.0063248550783096425,0.008903066923306245,0.003538312370617097
2021-05-25,-0.001390662112385728,0.00446147986429332,0.0016948252523367807
2021-05-26,0.0035482389761899405,0.0015499783018089748,0.0003850362917700058
2021-05-27,0.0035629756233297102,0.0019428050227284536,8.932481331504129e-05
2021-05-28,0.0017270784036411554,0.001149365681349912,0.001637119137657037
2021-06-01,0.006666448675020591,0.004384264869227003,0.0031842921423858275
2021-06-02,0.0019814326021700287,0.0017633293712129901,0.00026107504317499796
2021-06-03,-0.005440539657210027,-0.009489379536683941,-0.0027820090622478148
2021-06-04,0.007215006999334331,0.010691067874053729,0.003244350241759951
2021-06-07,0.0013401705146129888,-0.0006036326462193366,-0.0008811700386435934
2021-06-08,0.001732096293829174,0.0018337464180878302,-0.00016370515187300922
2021-06-09,-0.001834746806952218,-0.0006066448247366413,-0.00014532488079520634
2021-06-10,0.002938418602481674,0.0030113468937543724,0.002343035579503519
2021-06-11,0.0009113389363057645,0.002322036747605792,-0.000260820053670914
2021-06-14,-0.0010858147488869512,-0.0024656187616323008,-0.001195531567331853
2021-06-15,-0.0024830921730214207,-0.0032771834188824846,-0.0003182663228587047
2021-06-16,-0.0063079053109402605,-0.006925002778250279,-0.004915076630027607
2021-06-17,-0.006845455594082526,-0.004648785486928173,-0.0012677404030349562
2021-06-18,-0.010391758879841333,-0.006445835844613422,-0.003498802264426581
2021-06-21,0.011249153386798539,0.007617366831187995,0.002033785135006648
2021-06-22,0.0010719359863766637,0.0025673358577872306,0.00044957992412407894
2021-06-23,-0.0004489207403599412,-0.0003041584690947149,0.00023891531617826372
2021-06-24,0.006318982832894646,0.006301834088211695,0.00168403210222783
2021-06-25,0.002691056245008474,0.0009596395864060398,0.0009033164017819308
2021-06-28,-0.0015111162263557374,0.0033075981775573535,0.000962058159110845
2021-06-29,-0.0007137670976126171,0.00040197791574249944,-0.0005966419137841064
2021-06-30,0.0006750169278393901,0.0029151313715102276,0.0013202340026293082
2021-07-01,0.0027171440852394703,0.00011497955290137971,0.002315714510764711
2021-07-02,0.0021141330221177697,0.005953648730351616,0.0038960693242841926
2021-07-06,-0.006994286052308153,-0.004017771137200201,-0.0019613965692228154
2021-07-07,0.00043413205661993687,-0.0017361002724951913,-0.0006648656348803265
2021-07-08,-0.00769890692161466,-0.010734734969486081,-0.004473322106001951
2021-07-09,0.011945627689237109,0.01404027637005927,0.007461319875975199
2021-07-12,0.0026888133156236383,0.0042405582140453224,0.001408032336780244
2021-07-13,-0.0054773072963888204,-0.005876052394310773,-0.0026172499875154664
2021-07-14,0.0002911943288767625,-0.001110308798610325,-0.0006750780247116426
2021-07-15,-0.0024081283968222515,-0.008925074236231742,-0.0034640311562241346
2021-07-16,-0.006377714954530408,-0.012802362860500136,-0.004812130557135688
2021-07-19,-0.013277297808587007,-0.009580199300231532,-0.006151044945188277
2021-07-20,0.011293020150318267,0.015305183879828424,0.009791772742833557
2021-07-21,0.008939345403892013,0.014980803405734981,0.005586951464422386
2021-07-22,-0.0007668474051438627,-0.0012351462457310155,0.0007371390239983447
2021-07-23,0.0028519046547583076,0.008733298442638912,0.005575579748015867
2021-07-26,0.00048105688611211294,-0.0005055215568876166,5.6599873075174824e-05
2021-07-27,-0.004327282982826489,-0.010968378341041817,-0.004815565391862221
2021-07-28,0.0054309727940047275,0.00558352860968618,0.002763101167992801
2021-07-29,0.005853763895622105,0.011330151227574683,0.0030531481867213392
2021-07-30,-0.004462320268686528,-0.0021595476303008787,-0.0023001511861456894
2021-08-02,0.00021015680352746695,0.00047941377270252115,0.00012324952320382732
2021-08-03,0.005402933261909318,0.007679098813926507,0.004110550332504655
2021-08-04,-0.004873623444345394,-0.003027178379846375,-0.004003901330619746
2021-08-05,0.004526190121920378,0.004319556251262352,0.0025398777584217467
2021-08-06,-0.0014073490392586781,-0.0058138853340559985,-0.002187572857157279
2021-08-09,-0.0026422610334324776,-0.0047295068184973746,-0.001580563305664753
2021-08-10,0.0027990510066687718,-0.0008252569587355327,0.0007638366504476174
2021-08-11,0.00454333680824017,0.0031919141293895474,0.0007001046270469068
2021-08-12,-0.0007682983286087738,-0.0034336564070077636,0.0002498639293653437
2021-08-13,0.0015094644043473595,0.0030193818616245692,0.0006846360169981383
2021-08-16,-0.0017578059251834638,0.0007438237221706393,0.001328795516216521
2021-08-17,-0.008137602546349982,-0.014772030716788193,-0.006040994146241072
2021-08-18,-0.005740944192305286,-0.008651339096806682,-0.004712068835416291
2021-08-19,-0.005453354866384941,0.0018643024665829576,0.0004619576911507879
2021-08-20,0.003897100118259879,0.008501574671276553,0.0047292413563692305
2021-08-23,0.009835470762390316,0.015032948278554479,0.006636422854060447
2021-08-24,0.005486219751420039,0.0058696867082063025,0.004048324096545477
2021-08-25,0.0019196987998256877,0.003837257166839981,0.0009547809163781314
2021-08-26,-0.004782824364798273,-0.006160391335487755,-0.0044723913279435725
2021-08-27,0.011436611129536962,0.012813871658756177,0.006276309443785573
2021-08-30,0.0005041746270080293,0.003772247059492035,0.0027532577169940412
2021-08-31,0.0005492908356947305,-0.003937105861304222,-0.001442780572277282
2021-09-01,0.0034446653773367946,0.0025708032605469694,0.0020498132214779937
2021-09-02,0.0033654418355333836,-0.00018583874639190652,0.00045685161936674277
2021-09-03,-1.0686180804098888e-05,0.005620902275131416,0.002115030799795566
2021-09-07,-0.005225653488555573,-0.006341927572095397,-0.0039038422087141118
2021-09-08,-0.0035636287533297915,-0.007674181627843278,-0.0025765170405991893
2021-09-09,-0.0015015742068268038,0.0010914327424122775,2.942336854133828e-05
2021-09-10,-0.004405207976646152,-0.005264792311494859,-0.0053425588058912885
2021-09-13,0.00437327980800834,0.0013797304409314355,-0.0007327315104096164
2021-09-14,-0.004307147118284955,-0.0034036938865184977,-0.0019231474404521524
2021-09-15,0.0060789885454404285,0.006709923625921401,0.004764475188191586
2021-09-16,-0.003840514961567143,-0.001606572933084599,-0.00012178069867828682
2021-09-17,-0.00745655962080896,-0.010562028900705614,-0.0038215739408987643
2021-09-20,-0.014383685389289963,-0.017754701474327016,-0.00915467713486774
2021-09-21,0.0020377544548417755,0.0012769672405285747,0.0005961715019697999
2021-09-22,0.00875644793935686,0.012929432819871982,0.005832031375828388
2021-09-23,0.008387726280222343,0.009010027793037568,0.004674182476875993
2021-09-24,-0.003408188930312405,-0.0015741566194916112,-0.0013274615704162826
2021-09-27,0.004263608948444131,0.00037619266455679785,-0.0005542426882321817
2021-09-28,-0.014530982803956734,-0.025458552969668133,-0.012937604587697379
2021-09-29,-0.0010226787020313868,-0.007024217870909182,-0.0009436906785328191
2021-09-30,-0.004399209516069216,-0.008288169362574017,-0.006662719597904777
2021-10-01,0.007912657947312735,0.007332802111841515,0.004339448019616183
2021-10-04,-0.005053231040299673,-0.017704893418067486,-0.0058250213535369095
2021-10-05,0.005196944617398323,0.010553587533583488,0.003336338166569105
2021-10-06,-0.0016739059702133349,0.002196671143280459,-0.0003395493279357015
2021-10-07,0.0076925683530256975,0.011039621830145875,0.0029712899477177335
2021-10-08,-0.0013194159410320034,-0.005724661755837867,-0.0021269622134869113
2021-10-11,-0.003692757357267211,-0.007033088705584669,-0.003216054449844408
2021-10-12,0.001445761571632305,-0.001686579646867063,0.0007998345667005406
2021-10-13,0.005824705238629003,0.007096954807400042,0.003170657683454994
2021-10-14,0.010181385711581805,0.01930717143225489,0.006553198487706608
2021-10-15,0.0032351602730386385,0.005436086250379986,0.0009256096709243013
2021-10-18,-0.000690233054161349,0.008257481107980512,0.0009855920891712888
2021-10-19,0.004572909329475496,0.005181032710505059,0.0008316608966170529
2021-10-20,0.0053374159851335805,-0.00023797177232599072,0.0012043831182996403
2021-10-21,-0.0024020383875185533,0.006519482074725655,0.0008511507246634597
2021-10-22,0.0021992765081502007,-0.006422463049393161,-0.0019632158732418147
2021-10-25,0.004349549463404387,0.0059975394095141635,0.0025516419458599983
2021-10-26,-0.0011276462188897257,0.00037714867878482945,0.0013632626004427312
2021-10-27,-0.006226850853251793,-0.005544187738604283,-0.001165575061336853
2021-10-28,0.006815220614166824,0.011414752201395073,0.0012559755091088452
2021-10-29,-0.003647699162377915,0.0027195074627517995,0.0006098202315037065
2021-11-01,0.007110729349159284,0.008012503775024639,0.002932401912912189
2021-11-02,0.00031048684688068505,0.004799583329607074,0.002076282468036562
2021-11-03,0.004830772599171646,0.010053393648137782,0.0024671914175770906
2021-11-04,0.00014330538588465505,0.013136145415907505,0.003815126129769817
2021-11-05,0.005225691883571721,0.005094354429427511,0.0022389017908491142
2021-11-08,0.0021212819733089144,0.006105502194941965,0.0019250341623846057
2021-11-09,-0.000988751284502412,-0.0012232025477018052,4.501580070001142e-05
2021-11-10,-0.007701852924657913,-0.017115818496689895,-0.006466433661523724
2021-11-11,0.004493286123825772,0.007189200258868234,0.0009447345418821663
2021-11-12,0.0026131590070308415,0.010004665770587107,0.0037331636242192486
2021-11-15,-0.00029444172116769375,-0.0007853576018122622,-0.0012177354006419818
2021-11-16,-0.00021141367142674664,0.008018769284247754,0.0007959243679650517
2021-11-17,-0.003607585818800087,-0.005489538043364617,-0.001118813570113349
2021-11-18,-0.0009118615412538358,0.00827559383305587,0.0008005483628271167
2021-11-19,-0.005357693488532904,-0.0008466360390513897,-0.0019667221237157214
2021-11-22,-0.003522715707525435,-0.009932203204317315,-0.006748062063753721
2021-11-23,0.0014810348675138225,-0.003548243456186198,-0.001036572795442771
2021-11-24,0.0006167550222550816,0.002961193106791318,0.0005344428888015859
2021-11-26,-0.02140103616731234,-0.022450070631517726,-0.004649426357466874
2021-11-29,0.0034287495116232746,0.015725773777473515,0.002246692895846201
2021-11-30,-0.013834905928822498,-0.014816212100122645,-0.005324709023592404
2021-12-01,-0.008233357727420319,-0.013367976036664238,-0.004896290885379869
2021-12-02,0.01357969341585941,0.01111894849508955,0.0040416729424205865
2021-12-03,-0.005660484700406666,-0.012668459582925815,-0.003165418724838857
2021-12-06,0.008907501108544538,0.005711445917654089,-0.000132071448706053
2021-12-07,0.014787359754243917,0.029064876486936918,0.008399459955590485
2021-12-08,0.0023039242890194682,0.0032568844157056225,0.00208327625382336
2021-12-09,-0.008050938119681697,-0.013437290677863055,-0.0045085615880945135
2021-12-10,0.004083860468696576,0.007654361629089768,0.0019346126879750537
2021-12-13,-0.006839626867836454,-0.01744068691762334,-0.004383466067374181
2021-12-14,-0.004846279515485289,-0.007999860374187035,-0.002944264574199486
2021-12-15,0.007994596638119092,0.019806239651445897,0.005277942664824668
2021-12-16,-0.0021915544067638605,-0.02382318122812202,-0.004288839281861893
2021-12-17,-0.00716815838583597,-0.004384298263613765,-0.001713679372207698
2021-12-20,-0.006915868151347775,-0.011784308192121241,-0.003933550885932783
2021-12-21,0.013737730018335628,0.024736630627157835,0.007035831026691974
2021-12-22,0.007550539046169457,0.010475963019445296,0.004836193384744684
2021-12-23,0.004682937994822063,0.007861337079481764,0.0027639106276911947
2021-12-27,0.00961356082164516,0.014891482803590133,0.0038796217207579596
2021-12-28,-0.0016551302093064432,-0.004568216017638598,-0.0015960306939739122
2021-12-29,0.00022429135326384992,0.0020377385740092753,0.0006894405497188206
2021-12-30,-0.00012940565761516423,-0.0027333662236588225,0.001020152342173371
2021-12-31,-0.0007538659394280876,-0.0032730717612838474,-0.001380422892307891
2022-01-03,0.002955215711624244,0.004260092201521409,-0.0038410341904992263
2022-01-04,0.0021867007695648747,0.0015407318260834324,0.0020168754010364805
2022-01-05,-0.012783643776985354,-0.018881821119455446,-0.008463834093080649
2022-01-06,0.001230508188864443,0.0006181800316682418,-0.0004311363854995452
2022-01-07,-0.00032179663501078745,-0.009751743675134091,-0.002863915452410434
2022-01-10,-0.0024576665819293292,-0.0007844663030539337,-6.405588933182827e-05
2022-01-11,0.010358216131706956,0.011953849835576952,0.006403292796012589
2022-01-12,0.004924215438778927,0.0012266537509978172,-0.0012601450593011342
2022-01-13,-0.008098219661134325,-0.011037171784963377,-0.0023200691411899934
2022-01-14,0.0001777451295896687,-0.0005062682911830768,-0.0037216406125045974
2022-01-18,-0.013344330207912957,-0.0192755355591263,-0.009136879440744742
2022-01-19,-0.0033124909795426215,-0.008078574394563613,1.867170819437982e-05
2022-01-20,-0.0075121548081240885,-0.014978021969720291,-0.004702746955396669
2022-01-21,-0.01064767447699221,-0.013878653545424589,-0.0031277826290838904
2022-01-24,0.00030338485118968077,0.0090530040967094,0.0023554387829782092
2022-01-25,-0.004629813878658495,-0.011555572822790886,-0.0027915574748151994
2022-01-26,-0.005988885076266755,-0.005838112746086764,-0.00637477925824311
2022-01-27,-0.005623668659881424,-0.011025900137631248,-0.0012226874227171934
2022-01-28,0.011245489992957384,0.01858618016992631,0.007420551059200454
2022-01-31,0.015591574554628281,0.023591020614460743,0.008394976666599607
2022-02-01,0.006243636467878336,0.005738614998881636,0.002171401679951388
2022-02-02,0.003982478783724852,0.0034497718684388607,0.00020240363221796058
2022-02-03,-0.012758892462653049,-0.020699279176403733,-0.008796158628174872
2022-02-04,0.000529970268592824,-0.0004712549443604792,-0.00288563482753315
2022-02-07,0.0002643814355081916,0.0012067451809832969,0.002546619188287543
2022-02-08,0.00560541874994656,0.011304018257889388,0.0025494665361759897
2022-02-09,0.012241958312405954,0.016727594143360017,0.006746066541240263
2022-02-10,-0.012642788760309774,-0.019438235431318295,-0.010605129110275162
2022-02-11,-0.007476016321091343,-0.017261852724266905,0.0006347837888255688
2022-02-14,-0.004713623207362058,-0.004933948794441736,-0.005704960580499488
2022-02-15,0.011823369446894109,0.019777821238614712,0.002910718182477551
2022-02-16,0.0031695892328602784,0.0017138987918058897,0.0028531139520221135
2022-02-17,-0.01166426620349579,-0.01922310871762338,-0.004409182986119901
2022-02-18,-0.004097307976395739,-0.0033467516600400754,0.0016572044815278428
2022-02-22,-0.007613826805219803,-0.010352902883546868,-0.0022113139997005852
2022-02-23,-0.009652044930861664,-0.01501297135535776,-0.005864834528585556
2022-02-24,0.002372273304020418,0.012106223076877615,0.0012486248920683754
2022-02-25,0.016509193432135402,0.01536761450469738,0.00511669987806658
2022-02-28,-0.0013348094463146484,0.003493105793533859,0.00986726103979773
2022-03-01,-0.007223044607766738,-0.011548055737455052,0.002634521311735906
2022-03-02,0.012641590060670253,0.01791595373098953,-5.281114894070357e-05
2022-03-03,-0.004455520974523259,-0.0071582651904974984,-2.850416564165398e-05
2022-03-04,-0.006977053895692912,-0.010220825883107628,0.002078631358766567
2022-03-07,-0.01978155810254724,-0.031133978713435685,-0.01183184856177662
2022-03-08,0.000858846230354544,0.0014389183359376995,-0.0024555837368505726
2022-03-09,0.01497584758798129,0.02492860350207581,0.004628047979717894
2022-03-10,-0.0057690423562243584,-0.004672412909253242,-0.0010709127546450945
2022-03-11,-0.00831771500110238,-0.012144646652456492,-0.0031630428655318368
2022-03-14,-0.009339857273339861,-0.009555332619990817,-0.008052922720338427
2022-03-15,0.00825155858888137,0.021877004911263005,0.0045598634215492295
2022-03-16,0.024324240364994927,0.021411411132948113,0.005790468069149984
2022-03-17,0.010530140460005517,0.012760601871717936,0.009602810876580969
2022-03-18,0.007405261466472344,0.009256243176316372,0.002847976855816287
2022-03-21,-0.0019823048417677933,-0.005217351577829462,-0.005244876779976161
2022-03-22,0.007306757310957714,0.007894614285381258,0.001028824091564489
2022-03-23,-0.006662027934091835,-0.016033388500802728,-0.0005165367043851894
2022-03-24,0.007223594537032932,0.012970876180987715,0.001528393482159295
2022-03-25,0.0017125798260718664,-0.001671608973315801,-0.0034190684962050466
2022-03-28,-0.0007129642899116593,0.004905100304996248,0.0008062106230824034
2022-03-29,0.013764982907782733,0.01520245082146653,0.004611558033247437
2022-03-30,-0.003628024924672385,-0.013429665013534792,-0.0002046854797049828
2022-03-31,-0.011680793233647105,-0.012489630075811964,-0.002361159987364572
2022-04-01,0.005685998315693076,0.008935546931421883,0.003957159703441979
2022-04-04,0.006051059850489928,0.006420966483923783,0.004328885992171054
2022-04-05,-0.012234853719340666,-0.012181588432034896,-0.004993187801943669
2022-04-06,-0.007148929917864186,-0.003914865534331095,-0.00027155972603140616
2022-04-07,0.0004384679098586694,0.0047805696100311525,-0.00024369682193009056
2022-04-08,7.953510998941828e-05,0.009477729015613282,0.006342526917640085
2022-04-11,-0.008708439788965192,-0.005217331838330618,-0.0018183744538197923
2022-04-12,0.00022210949111552586,0.007270677752604128,0.002904964901133003
2022-04-13,0.01087214464957062,0.01642558092936021,0.005250069035157413
2022-04-14,-0.007041608034293999,-8.509370356953039e-05,-0.0016390606373934353
2022-04-18,-0.0007420893977911555,0.007169917832475342,0.003347282739187513
2022-04-19,0.00460072802245431,-0.006766279333481137,-0.005546447494561723
2022-04-20,0.0034158000492175646,0.00411427579769302,0.007033045231733811
2022-04-21,-0.012637150016120669,-0.02224575776310239,-0.008824009715396753
2022-04-22,-0.01782034383846533,-0.026769394113568865,-0.015146180999517903
2022-04-25,0.0007010679814554023,-0.006355144686265509,-0.002277256236771512
2022-04-26,-0.017660924101779333,-0.012309458466616113,-0.007590119093588147
2022-04-27,0.002090622426534733,0.0068969662765500945,0.002071083964976723
2022-04-28,0.01350963295626717,0.015494476505910857,0.009246252977045254
2022-04-29,-0.01916615240822891,-0.02270105892579256,-0.01620042793467563
2022-05-02,0.0006623150905237813,0.00424144260359007,-0.001849451192021678
2022-05-03,0.005893189578870284,0.014003770441785577,0.006308530007642721
2022-05-04,0.020649478223766702,0.024371478217361,0.013284256979887098
2022-05-05,-0.026385527967868257,-0.024118732111787226,-0.013463302466735634
2022-05-06,-0.008600247505709776,-0.00551769794957609,-0.003795519816915259
2022-05-09,-0.027161343149549856,-0.04544519458938305,-0.020333225401569583
2022-05-10,0.0010552676128387408,-0.003307950634573617,-0.002999884449960568
2022-05-11,-0.005522061105704137,-8.580146082974452e-05,0.0015860986582083303
2022-05-12,0.0009930997672888268,-0.0014104888932183822,-0.0027922091485773734
2022-05-13,0.018731769202908536,0.019633411605340333,0.008831871796172463
2022-05-16,0.0009589325541517949,0.010899185639244205,0.007996440247098668
2022-05-17,0.014731547670077337,0.018524716389930886,0.00846875520461951
2022-05-18,-0.024466873961608838,-0.031512961526418366,-0.0188284654686226
2022-05-19,0.002845450860823912,0.003916671791351215,0.0003205035070753297
2022-05-20,0.001578559619436298,-0.0023781997304731066,-0.00039238264855424583
2022-05-23,0.011621047816136007,0.01717951176058524,0.009343763161810324
2022-05-24,-0.004075338832312171,-0.004738638324248137,0.00020167070492868702
2022-05-25,0.007265723231101007,0.013994611048253919,0.0026069081653203024
2022-05-26,0.013574942926024042,0.01499884553734571,0.007601989868471043
2022-05-27,0.015297461200309283,0.0165882589409961,0.010274771584511141
2022-05-31,-0.006546641482410464,-0.015354893358040501,-0.008621029088017413
2022-06-01,-0.0061334687402736475,0.001694415142292445,-0.0023113828476078397
2022-06-02,0.014836248120930096,0.011804244149118914,0.007757328653842145
2022-06-03,-0.009569407101618889,-0.007292112743749478,-0.007206088498048777
2022-06-06,0.0021468609602551883,0.005396400596353907,0.0031001739716387477
2022-06-07,0.007500404882939604,0.01638754530461579,0.0074869857889923105
2022-06-08,-0.009200938690287723,-0.010962588624903204,-0.007878049209531819
2022-06-09,-0.017027388705759355,-0.0149449434750007,-0.00898342135103629
2022-06-10,-0.019136880043285353,-0.014089717212258625,-0.008139857808188374
2022-06-13,-0.03294245289753838,-0.04393747547986884,-0.030856461987731766
2022-06-14,-0.0050243821316059145,-0.008040025143218442,-0.006263811493455506
2022-06-15,0.01301439012819182,0.005753001223416412,0.00557027427543249
2022-06-16,-0.02311268064275755,-0.032954098229185956,-0.015746377470742333
2022-06-17,-0.0010209098555889933,-0.01130959695310891,-0.002373581258138458
2022-06-21,0.01308105184168647,0.01653221721863633,0.0064664950009862
2022-06-22,-0.0033749966490929733,-0.01876430543645321,-0.005244765090870328
2022-06-23,0.0021806197506074394,-0.015725573888651586,-0.005150294239674791
2022-06-24,0.020972024956420147,0.02593685869122742,0.015877314591901504
2022-06-27,-0.000292292118008275,0.005897052393831804,-0.002549970894031071
2022-06-28,-0.008715664663565447,-0.0025607857439372667,-0.00354473604759362
2022-06-29,-0.004176683852897771,-0.016722472454573617,-0.0030797095622910713
2022-06-30,-0.007553251371607784,-0.021005220681130848,-0.008659200930396849
2022-07-01,0.006414289750826467,0.002794502882873763,0.003076708332819936
2022-07-05,-0.008982077983007961,-0.03549267769114245,-0.010049183853795423
2022-07-06,-0.0028762090001987115,-0.0012566942835383452,-0.0013567856031100943
2022-07-07,0.01479378109157733,0.02021187215315783,0.005682426868530554
2022-07-08,0.0003428509034622846,0.014172993996376563,0.003993346001939794
2022-07-11,-0.010039924689781177,-0.00425887249707189,-0.0006226911990664767
2022-07-12,-0.00608689220959946,-0.02955899261502463,-0.010228178863702865
2022-07-13,-0.0005179662317768809,0.00010298277004630046,-0.0004929244319365554
2022-07-14,-0.008310069273801821,-0.003831887248769531,-0.00047066873141268046
2022-07-15,0.01352379976431749,0.013689640160371526,0.004710750817159768
2022-07-18,0.0005809551631175419,0.013902802246836555,0.004826798062210991
2022-07-19,0.01922978074794403,0.008649446584579213,0.0028254169393423356
2022-07-20,0.0017857175345660087,-0.002034512759447263,-0.0017494955528361072
2022-07-21,0.0066538738788778015,-0.007280069062289835,0.0006896330137246742
2022-07-22,-0.004467439460758919,-0.007966462140912645,-0.0005413488568968911
2022-07-25,0.004853603935321676,0.014171927997664315,0.0027326018376715128
2022-07-26,-0.006610648585357559,-0.001295930042079579,-0.0011798480770026888
2022-07-27,0.017477887742290782,0.0175056868480239,0.00858878769822375
2022-07-28,0.010062488028466519,0.009717946999809048,0.006063089400993752
2022-07-29,0.007778678907021524,0.008739598277450512,0.004473426534466398
2022-08-01,-0.0024752799005507485,-0.01208613067022509,-0.0033854537554498672
2022-08-02,-0.009075117070661437,-0.007256713375967948,-0.00329809692635871
2022-08-03,0.008684665157120585,-0.0024609883090506188,-0.0019403212878810298
2022-08-04,0.0015487229765172108,-0.004888771877219986,-0.0005860034473614027
2022-08-05,-0.0022023731850441693,-0.0013074056391741762,-0.0042076184220751975
2022-08-08,0.004236659417319258,0.009604735522226966,0.0036443097502552014
2022-08-09,-0.0039173760631346375,0.0025838650241773557,-0.0006675846138866373
2022-08-10,0.0168004290990012,0.014288122277981721,0.005812829809546775
2022-08-11,0.0017525963148008418,0.010937123522442417,0.0010920121588419028
2022-08-12,0.011238931675801115,0.004821714022017286,0.0026607892742472675
2022-08-15,-0.0016252733180315809,-0.009212720233490646,-0.0037808349579640716
2022-08-16,0.0005060445113146062,-0.0061724419125286705,-0.0033953363384266843
2022-08-17,-0.007557216944408659,0.0004382408019255112,-0.0007724101211482805
2022-08-18,0.0013194406566783862,0.006194058974810382,0.0028562296692600667
2022-08-19,-0.011467576591599783,-0.0038826090971058108,-0.0032236892064574038
2022-08-22,-0.012817003874685724,-0.0009978238143019157,-0.0018106991449597805
2022-08-23,0.0019553294580188486,0.014090066100795402,0.007141958106686376
2022-08-24,0.0023031054244077934,0.005545552620439308,0.001863049546408507
2022-08-25,0.011253631232058118,-0.004965831843822871,-0.0014274242281952882
2022-08-26,-0.020679229454863095,-0.00479720913606611,-0.0014967708926143344
2022-08-29,-0.0032344187328172957,0.009860839964722161,0.003036385030389059
2022-08-30,-0.010424806352748556,-0.013817676193395863,-0.003206759036029381
2022-08-31,-0.006289054855862916,-0.013909222798191432,-0.005660082479010625
2022-09-01,-0.005855961669502056,-0.009266007722585089,-0.0043967385911654255
2022-09-02,-0.004197523503245652,0.00156246104599408,0.0014023302091053119
2022-09-06,-0.00525331483640619,-0.0025933412801200525,-0.001510723711562114
2022-09-07,0.012139753428822661,-0.0056467594262745655,-0.0011607694414595298
2022-09-08,0.003161986906028541,0.005541066923699428,0.0006097509412005237
2022-09-09,0.015212075719561177,0.019520611564635998,0.005924470384783055
2022-09-12,0.01009111817295548,0.014350319504810827,0.0048600438244820535
2022-09-13,-0.029916303017075156,-0.014499161548200502,-0.006575037070193013
2022-09-14,0.002898810785519952,0.00665648071964214,0.0019011816358042968
2022-09-15,-0.010372541681178656,-0.01732639286408582,-0.006057382375082977
2022-09-16,-0.005932185476703107,-0.0038604573724866577,-0.0012282956133931446
2022-09-19,0.004458601081152173,0.0055753708365988254,0.00026784780368353523
2022-09-20,-0.010481102643545452,0.0003707693318849636,-0.0010793001938363756
2022-09-21,-0.010694510784482698,-0.008196204090916231,-0.003712164517974285
2022-09-22,-0.009022422747045638,-0.005479494570638157,-0.0043595334810815605
2022-09-23,-0.020184540246724964,-0.028035263234643355,-0.011009651034852585
2022-09-26,-0.014567908366569352,-0.020897186562229664,-0.011331657568089697
2022-09-27,-0.0027946767979228257,0.00380656387094702,0.001179455829971221
2022-09-28,0.020527833076745904,0.021097162078272346,0.01066364326783867
2022-09-29,-0.015959803927035613,-0.011316251246977849,-0.00506808376058002
2022-09-30,-0.006136924733768168,-0.00650779737513811,-0.0019108353190942565
2022-10-03,0.022092025608721894,0.015676461375593954,0.007336295058025873
2022-10-04,0.027229948983359478,0.025280859476146444,0.009129818538405691
2022-10-05,-0.00463454145583238,0.0054897977859348695,-0.0006204047935533177
2022-10-06,-0.00870311802690965,-0.003702193577805133,-0.0029737750738501284
2022-10-07,-0.017885960918223757,-0.00717666963826134,-0.0025334296073932024
2022-10-10,-0.007079013292962522,0.0012262106628913641,0.0011161616402600848
2022-10-11,-0.005375327644224503,-0.009330948050167173,-0.001954800090749309
2022-10-12,-0.003035280122948233,-0.0035314237194446567,-0.0010245462833293822
2022-10-13,0.015550306737830553,0.022000602853995015,0.005341220852084361
2022-10-14,-0.018204554313376437,-0.018897007334030734,-0.005607470855256948
2022-10-17,0.019549923231986104,0.006026922370891704,0.0030649234029422007
2022-10-18,0.006680452482258597,-0.004801666833220318,-0.000607310059311499
2022-10-19,-0.011365361955353776,-0.0056658838612995135,-0.005174756483897456
2022-10-20,-0.004763338140398903,-0.0029832975856778814,-0.003492919258018758
2022-10-21,0.015357102880261679,0.006864130867302847,0.003801644226109419
2022-10-24,0.0002784405555318703,0.0063304737776935455,0.0011703599352873531
2022-10-25,0.016256344540687202,0.008895681071442882,0.003313200711652746
2022-10-26,0.004778034818139741,0.007073896752529692,0.0012910002352540069
2022-10-27,-0.0017056894001321924,-0.004386860934791517,2.9360380230769183e-05
2022-10-28,0.010202019119002807,0.004368164170781093,0.001291286296379966
2022-10-31,-0.004318179842331059,0.009090535951888934,0.0009775137507542753
2022-11-01,0.004614350860835133,0.0036334886554155034,0.0029721608120362388
2022-11-02,-0.015824549547329824,-0.010121158014928,-0.004920482895583773
2022-11-03,-0.00454857511409438,-0.003977282304116967,-0.0035059382931349617
2022-11-04,0.02174310358709348,0.024685509174670047,0.008155541654588316
2022-11-07,0.003959215666655532,0.005472765696107173,9.873717748735687e-05
2022-11-08,0.005080697138370845,-0.008583249209903901,-0.0014246040664700054
2022-11-09,-0.016135897673228445,-0.022341418055208062,-0.004338365921374679
2022-11-10,0.043814403044501335,0.021197277030161256,0.011568859771127536
2022-11-11,0.010289785014190565,0.0040517150516708005,0.0007300175862053762
2022-11-14,-0.00754867274970983,-0.009144654209246574,-0.004746426836824376
2022-11-15,0.010247609451856656,0.008010099148779617,0.005193573196032922
2022-11-16,-0.0072553670134114226,-0.009806663206764328,-0.001962325544361867
2022-11-17,-0.003962262423038604,-0.006757451343152452,-0.003996773454056276
2022-11-18,0.0016482606578460022,-0.0019316378191537242,-0.00029391817209532833
2022-11-21,-0.002868309185252454,0.0007612466218031806,0.0001199498139107241
2022-11-22,0.010815274550950398,0.011197279563197177,0.0027705167451014725
2022-11-23,0.004561710768492369,-0.003985380785716599,0.0005195425351212154
2022-11-25,0.000816426999008127,0.0009501754903955777,0.0017716400434380733
2022-11-28,-0.01190829836675389,-0.011520244868180627,-0.003442346897045876
2022-11-29,0.004210768742775837,0.006145226643620943,0.0012185075274317929
2022-11-30,0.021001181977126727,0.010447174378501468,0.00655390919890116
2022-12-01,0.002074518799556766,-0.0050274547978057735,-0.00026488034174540015
2022-12-02,-0.00014872929962952053,-0.01155389328922404,-0.0024264328500038547
2022-12-05,-0.01692500576682975,-0.028822488492171967,-0.010168069255447776
2022-12-06,-0.007583422753886399,-0.01666363166316091,-0.0036444128377567863
2022-12-07,0.0009406940253515544,0.004716643808612239,0.002659571897871542
2022-12-08,0.004849574555888406,0.0005597986206073394,-0.0008808318614098462
2022-12-09,-0.005087153376114716,-0.0035517426316382175,-0.0014117045987210603
2022-12-12,0.007522100156203477,0.014513768459449792,0.0036753656674125175
2022-12-13,0.009534402133679221,0.0087483620122988,0.00261329285174722
2022-12-14,-0.0029336950745413866,-0.0065274778884855875,-0.0016492217587334307
2022-12-15,-0.016675226949663426,-0.005525995943708996,-0.002593490969222458
2022-12-16,-0.008171835760062522,-0.009900462878226886,-0.002403148470395321
2022-12-19,-0.005638575373402335,-0.0042240753570105885,-0.0016368155110859104
2022-12-20,0.0005683893237773788,-0.0014327915774793609,0.00045000981996736665
2022-12-21,0.01191937099964923,0.012316959823693088,0.0058521098423135005
2022-12-22,-0.009306629298892775,-0.01078468170586998,-0.0015936471026017792
2022-12-23,0.0044203799570430215,0.006988981273032233,0.0014154071961001529
2022-12-27,-3.0772462006560826e-05,0.007121812225652212,-8.33588262362938e-05
2022-12-28,-0.011388106022992346,-0.007074018252293253,0.00030609910713193906
2022-12-29,0.013608820135831607,0.003836346082744302,0.0025945499572566397
2022-12-30,-0.004370304245851769,0.0006847441509317649,-0.0008398363868701039
2023-01-03,-0.000515294506208159,-0.01665287377874344,-0.0050218116327540915
2023-01-04,0.010873620880323329,-0.015915173445060295,-0.004036363141751778
2023-01-05,-0.008607148984463775,-0.010582017701774611,-0.002572439997951378
2023-01-06,0.019620931619307527,0.009718807382727766,0.005477949467186753
2023-01-09,0.001957879819340059,-0.00020474625542899434,0.0005509116693526788
2023-01-10,0.003451440728134029,-0.003993452620558981,-0.0009901740181634889
2023-01-11,0.009797614527983282,0.006925344822959852,0.0019413212109060237
2023-01-12,0.008458129206734763,0.011676023059021445,0.0072822376628200736
2023-01-13,0.0024730254311788355,0.0047898582226398355,0.0006461295680240881
2023-01-17,-0.0009021247729492818,0.012561962476018367,0.0035853646900851485
2023-01-18,-0.008602736229297745,-0.012142174525560337,-0.0016146912309381247
2023-01-19,-0.003128937419611757,0.005453353365751758,0.0005952033940934826
2023-01-20,0.010378189495438533,0.006836535942585586,0.0010816814212939647
2023-01-23,0.006510150348691557,-0.0014927489243099193,-0.0021903099180606306
2023-01-24,-0.0002107197500592822,-0.003809254109290733,0.0017531334406226645
2023-01-25,0.0013978394386811406,-0.002715707868635903,-7.90224567733196e-05
2023-01-26,0.005218871361885212,0.005309599241919343,0.0038768573695285155
2023-01-27,-0.0006451528491549731,-0.007844420580953875,-0.003024044744353989
2023-01-30,-0.01021718805377373,-0.01240578819554965,-0.003388162892259934
2023-01-31,0.011039490875274581,0.010097708923505694,0.004999253810525229
2023-02-01,0.007419463614162997,-0.018066547886959834,-0.0023585177400971954
2023-02-02,0.004411273993135071,-0.006489559513513572,-0.0022368989063879163
2023-02-03,-0.011675241381881597,-0.006005405169712826,-0.00426180474453052
2023-02-06,-0.007161226676144023,0.0003784787158974259,-0.002646347770838747
2023-02-07,0.00650864731575134,0.006672665584807696,0.002535559179395012
2023-02-08,-0.006068378240762833,-0.002905037407684237,-3.2974281518209514e-05
2023-02-09,-0.005968973114747206,-0.008408680177708641,-0.004233325980471958
2023-02-10,0.0010120009790842118,0.016914935490954033,0.005463292577612755
2023-02-13,0.007335453287245708,-0.00018882518161994575,0.0011415671776820577
2023-02-14,0.00021994432826911758,0.009591064466254046,0.0011373877205713085
2023-02-15,-0.000297368038898872,0.0017699131437539557,-0.0020978084809877527
2023-02-16,-0.0071507336337511725,-0.006953362180355305,-0.001983315552881729
2023-02-17,-0.0018895114197695073,-0.007216413417599946,-0.001587787657280836
2023-02-21,-0.015795958621331735,-0.0004103218986883474,-0.0006458927007641634
2023-02-22,-0.0019528361479146964,-0.01087645333864022,-0.0033386141987981734
2023-02-23,0.005244084599820218,0.006818194663846655,0.0007643192417982614
2023-02-24,-0.010224436090655448,-0.005461142633334252,-0.005792221141846231
2023-02-27,0.004268090475710061,0.0020150522775351696,0.0008429679492001607
2023-02-28,-0.002298268808192619,-0.002067616193939853,-0.002738507462132031
2023-03-01,0.0018320446031029748,0.012328529526993514,0.003038761566010038
2023-03-02,0.002780627052906058,-0.0008129884698519215,-8.774417644608263e-06
2023-03-03,0.01277301396614864,0.011538092296818117,0.005115211049737558
2023-03-06,-0.004021405858229254,1.5492212254755906e-05,-0.0006560119165142121
2023-03-07,-0.013678676409141066,-0.01532282260087191,-0.005746725572978989
2023-03-08,0.001247841255515989,-0.004104218565873322,-0.0034498390552951705
2023-03-09,-0.014652236143645837,-0.01229503031967956,-0.0029782642254833278
2023-03-10,-0.008876858144155897,0.00231925120805263,0.004052986175989567
2023-03-13,-0.0037454574479750136,-0.007971565066057866,-0.0003422625197485141
2023-03-14,0.007749626659260478,-0.005873583261020399,-0.0007734376347906985
2023-03-15,-0.012289929417057349,-0.021224544336706834,-0.004438946708743871
2023-03-16,0.01018342024388124,0.008884186841986231,0.0013446627675745251
2023-03-17,-0.009902674911091798,-0.01126082730958054,0.0005554386419605217
2023-03-20,0.0070505894286272686,0.002518719660794859,0.0005725350128237086
2023-03-21,0.008771008087528521,0.004617726826579349,0.0006206914957672416
2023-03-22,-0.008940259513454167,-0.0031739897094360775,0.0015615104041890645
2023-03-23,0.0005583449209176858,-0.0041273315036019715,-0.0006699312875104972
2023-03-24,0.004027200516432773,0.00800958917440916,0.004792520762092366
2023-03-27,0.002895561296705976,0.013904355254134795,0.002312571468844336
2023-03-28,0.0018702058899297703,-0.0007080211684315629,0.0010127670259632755
2023-03-29,0.009320973798867493,0.0027504072344845852,0.0009616380242248768
2023-03-30,0.005847069493749789,0.0029297349044783514,0.0017432168421646708
2023-03-31,0.009023287700203707,0.0065985209812886025,0.003843649685519085
2023-04-03,0.004751189558248974,0.015560491003959257,0.0059617456529287806
2023-04-04,-0.003283348833837842,-0.00032559699089517276,-1.3142121197538446e-05
2023-04-05,-0.002867822769551817,-0.002392750560800225,0.000625422706951466
2023-04-06,0.0016734331139879697,-0.0008735527269241905,-0.000719438047342303
2023-04-10,0.0016906797209064414,0.006548684720661381,0.0025286908972685694
2023-04-11,0.004232349515627082,0.004066837103830509,0.0014635423603197636
2023-04-12,-0.0019188250089043097,0.0030063629003072496,0.0006021899656472873
2023-04-13,0.007580323250457182,0.0016584556456088469,0.0012925836518276569
2023-04-14,-0.004176699235713637,0.0004262846942566273,-0.0007586455421130078
2023-04-17,0.002984061613737077,-0.0002941604221377462,-0.0001183940752396206
2023-04-18,0.0008084227121706839,0.000928771012025072,0.0003030100360451466
2023-04-19,-0.0026266697460883993,-0.008399896795692278,-0.0036386507743319156
2023-04-20,-0.0031140059039313998,-0.0065743200671863145,-0.0011442154964204877
2023-04-21,-0.0011713350833393841,-0.003757275908850058,-0.0030632306169220552
2023-04-24,0.002073206841419051,0.004924122496083979,0.0032321218408022144
2023-04-25,-0.012366833147523976,-0.011724215099338865,-0.002548361997272609
2023-04-26,-0.004753827395770025,-0.013084468514953462,-0.0052282855137674
2023-04-27,0.01023653938883646,0.0004753142205107091,-0.0026064891575901523
2023-04-28,0.006878443741935732,0.004425087760677035,0.001417138946722578
2023-05-01,-0.0040045384000095465,-0.007160001576078053,-0.004658581681947048
2023-05-02,-0.010368693640459625,-0.017542574551581088,-0.004624822635369951
2023-05-03,-0.0022185585958217637,-0.004735802361506882,0.0007779351515922192
2023-05-04,-0.0035398690751146005,0.0007150754829959422,0.00013934051099093658
2023-05-05,0.013562811998869731,0.014414779799939447,0.004507045469941053
2023-05-08,-0.000261537006896261,0.004855903967494862,6.6085316426904984e-06
2023-05-09,-0.003401583074102118,-5.188853863481691e-05,-0.0014142632216428135
2023-05-10,0.0014359828577820565,-0.001464538678189525,0.0009519217681648397
2023-05-11,-0.003964247492959762,-0.0008951452651565041,0.0011041983416460593
2023-05-12,-0.0031714436781286144,-0.006022188934757654,-0.004041910703607146
2023-05-15,0.00656915210819356,0.0021742122187168715,-0.0005334822596581371
2023-05-16,-0.010249779650879778,-0.009381248582285283,-0.005090835736931884
2023-05-17,0.008217210143508225,0.003170960877972982,-0.0007325356663911146
2023-05-18,0.0006384209330502781,-0.008678925414021864,-0.00423866746971771
2023-05-19,-0.0010952352483893557,-0.00119955706357267,-0.0003231152346908016
2023-05-22,0.0016786615038289845,-0.003328408441811989,-0.0006610702572717696
2023-05-23,-0.006399173558773178,0.004350474840663806,0.0017970516859596062
2023-05-24,-0.008187331415372461,-0.0012828473371100384,-0.0018381832562959829
2023-05-25,-0.0025177737655335004,-0.009756864513839716,-0.005204389403270766
2023-05-26,0.010270230526025971,0.014843017631660177,0.007213140340669122
2023-05-30,-0.0037266844097058084,-0.010259582156395754,-0.000676716439378107
2023-05-31,-0.0060199505867695536,-0.009612229278206253,-0.003214099239555903
2023-06-01,0.009703252652294134,0.014084335862395311,0.0066378868308888984
2023-06-02,0.01455569023336491,0.01583857588180359,0.005577430892822223
2023-06-05,-0.0030218217104799293,0.002118612488173295,0.0005182824381661783
2023-06-06,0.006970556009999242,0.0026816546555798897,0.001279297007048631
2023-06-07,0.0007887705601627655,-0.005134326607340954,-0.004354596304760215
2023-06-08,0.004646606093240943,0.0038919248144018803,0.004089511619888029
2023-06-09,-0.0017698541788860617,-0.0010824157017741305,-0.0019125437870226433
2023-06-12,0.0030777103226818474,-0.0066345324239349005,0.0008510585637151688
2023-06-13,0.006353811254652173,0.004990836403522717,-1.565649439642163e-05
2023-06-14,0.0005719250466074985,0.0005511794574401842,0.00040781049927061816
2023-06-15,0.01111573387858903,0.01942172711483409,0.010496312758050734
2023-06-16,-0.0014636912569843425,0.009556164087672982,0.004399367725786076
2023-06-20,-0.008349143671455353,-0.010920998771290755,-0.004572224974576579
2023-06-21,-0.00022069271270337682,0.013078455069215017,0.006878393479108272
2023-06-22,-0.005298012367187815,-0.012827780551962098,-0.00561444061860243
2023-06-23,-0.008274782255225602,-0.010288559334841903,-0.006734431453289169
2023-06-26,0.002633241074875472,0.0028857953458106124,0.00206336021030915
2023-06-27,0.006171296018404871,-0.011708176354200014,-0.0062607621742477165
2023-06-28,-0.0008981522114523498,-0.00618877619171292,-0.0034589534070356255
2023-06-29,0.0016978369355103173,-3.9640028871556614e-05,-0.002916212300123269
2023-06-30,0.007524974918317345,-0.0008321005378011282,-0.0021026590013089076
2023-07-03,0.0030791646670023536,0.007197059060812825,0.0031207147989072166
2023-07-05,-0.004532402369414618,-0.00043659402128478557,-0.0012923149219380866
2023-07-06,-0.011378828442847119,-0.007915795387511911,-0.006294278797529818
2023-07-07,0.0038403469281994263,0.007544535198442557,0.0034242227192300347
2023-07-10,0.005098602683040242,0.004629033932263462,0.0032641452712166984
2023-07-11,0.008388015966224282,0.009146530518590261,0.004085650677551887
2023-07-12,0.010130942703417448,0.0057449989387770555,0.005013910301948017
2023-07-13,0.009092157454022259,0.004745726642249326,0.003671721334159474
2023-07-14,-0.0049325515119708055,-0.005698448277163534,-0.004171511820605556
2023-07-17,0.0017969382177495503,0.0014001639609826436,0.0009084369709365079
2023-07-18,0.005267651049637679,0.0038216728045910946,0.0007089691680749348
2023-07-19,0.0039947083374457775,0.007569927612884922,0.0031663618920109
2023-07-20,-0.003937366350378892,-7.139639633810973e-05,-0.0006004291445441531
2023-07-21,0.0006160431240893427,0.0003605869064818836,0.0008954343790142008
2023-07-24,0.004383067249952168,0.005483097126729764,0.0018827816939921223
2023-07-25,0.0016432880648322564,0.002563389546304822,0.0006686278080419497
2023-07-26,0.002889874254065798,0.004464744806957729,0.003832737548623198
2023-07-27,-0.008055517257216446,-0.00491680803208708,-0.0035332534425671263
2023-07-28,0.008965599033286326,0.011639469800340484,0.006117138918686146
2023-07-31,0.002294962861228666,0.00553222495551867,0.0023604670656379935
2023-08-01,-0.00698865957971174,-0.007063697731242132,-0.005327376481801585
2023-08-02,-0.012593575102920689,-0.00981056421668687,-0.005071973347201555
2023-08-03,-0.002343016750265212,0.000674128499133887,-0.0013182777595079035
2023-08-04,0.001070136272479446,0.005120751927043251,0.004799785094566039
2023-08-07,0.004573001887826303,0.002721568712710618,0.002097054833987505
2023-08-08,-0.00439183384391539,-0.004004699749527973,-0.0015660537538670785
2023-08-09,-0.0009472105195070728,0.005169502971662698,0.0025384118639420945
2023-08-10,-0.001755791346463706,-0.005281371352881767,-0.0025598187255641233
2023-08-11,-0.002732818904013366,0.00495314158845745,0.0009234745998759461
2023-08-14,-0.0010786097890946084,-0.001546851722310534,-0.0010615206717268198
2023-08-15,-0.011030048112272964,-0.009317037447833368,-0.004078539059928663
2023-08-16,-0.006614246017737642,-0.003696198884300328,-0.002243355355264332
2023-08-17,-0.004518755051478317,0.0003569223708419851,-0.0006291536388443642
2023-08-18,0.0011157938294242894,0.0016301038987082948,0.0013040319900229369
2023-08-21,0.0007339241209879444,0.004893328123723826,0.0003229161138752505
2023-08-22,-0.0022047872545382244,-0.003047810196469483,-0.001319200164947914
2023-08-23,0.010043214547656477,0.004799447471249545,0.005179475343985227
2023-08-24,-0.0077227330751360795,-0.0020891480370699112,-0.0031200200916193695
2023-08-25,0.004014436166125465,0.006127405559924241,0.002281542483002276
2023-08-28,0.0067459436734036695,0.007651070922646558,0.0037684414661690317
2023-08-29,0.010987295761447668,0.006272328324870972,0.004576960229100699
2023-08-30,0.0013639880102128306,0.0032113749358600365,0.0012420438043722227
2023-08-31,-0.0026884756247226357,-0.0045644743635643754,-0.004151003095101131
2023-09-01,0.003266030959352853,0.007198566494795831,0.0017811134752221177
2023-09-05,-0.00833774283788595,-0.0008137083666846771,-0.002812095371671976
2023-09-06,-0.0036410032998780836,-0.0034370539536388257,-0.0025384650404168953
2023-09-07,-0.0028052068890896463,5.414582509997062e-05,0.0008845882249962437
2023-09-08,0.0007474289562029092,0.0032322562727050107,0.001691569535433224
2023-09-11,0.0041083907839066115,-0.001007396355503485,0.0007651372080634024
2023-09-12,-0.001170547028242759,0.0002437237129998258,-0.0004140122484467919
2023-09-13,-0.0014639909414053745,-0.002881836869525691,-0.00041199823446848993
2023-09-14,0.008084783454878845,0.006991476651593247,0.003305542021543628
2023-09-15,-0.00606884454773651,-0.006567279219888882,-0.004185892163653652
2023-09-18,-0.001788050762274816,-0.0013298467917780678,0.00040383546967465194
2023-09-19,-0.001953921272791256,-0.00023726229425872158,-0.00048615006554804423
2023-09-20,-0.004254390190951323,-0.0048520731882358255,-0.0015868322465358408
2023-09-21,-0.014050239476415458,-0.007476164879167057,-0.00511571466164536
2023-09-22,0.001074005266430628,0.00052312620927192,0.0010407159986903127
2023-09-25,-0.0006345466958624097,0.0030820364404474934,-0.000502551386817445
2023-09-26,-0.010660197376595104,-0.007859540162895124,-0.00434222950583655
2023-09-27,-0.00015568425473784942,0.0018456615735740634,-1.4979874284226497e-05
2023-09-28,0.005134686526224143,0.001206793627264379,0.0019482803199368415
2023-09-29,-0.0021877515111198404,-0.006941529351279847,-0.0029306125114201597
2023-10-02,-0.009421150673471762,-0.010882154339482173,-0.004777437996184246
2023-10-03,-0.01088452777806692,-0.004735317367457393,-0.002911052025206382
2023-10-04,0.001589491292867875,-0.025950192919062424,-0.01111729019448848
2023-10-05,0.0015833244219595787,-0.010169905543837466,-0.005288427441962166
2023-10-06,0.007690063517918604,0.0079863055768767,0.0032991794333446216
2023-10-09,0.005818977408980485,0.018430686870357642,0.008630824219404972
2023-10-10,0.0074498618575995846,0.005822791273418815,0.004014545940888245
2023-10-11,0.0036042949230114633,-0.00585773340828386,-0.003679913480585035
2023-10-12,-0.009570853548398265,-0.0029557120042259973,-0.002573444747413491
2023-10-13,-0.0008827316874034763,0.018591742985852033,0.010734375064005767
2023-10-16,0.006393714300071184,-0.00017195383429031508,-0.001681551953542412
2023-10-17,0.0003360114695521578,0.0027000649720017107,0.0009459084451281007
2023-10-18,-0.01166066195239335,0.0007893484330799728,-8.762354113288767e-05
2023-10-19,-0.007658226990011463,0.003784425807357677,0.0015150995691800093
2023-10-20,-0.008268846736377684,-0.01179020767176231,-0.005327047440956613
2023-10-23,-0.0024521048796801825,-0.0067992755393441505,-0.0015008443699494494
2023-10-24,0.005578730442936161,-0.0064916730418875575,-0.002077443748613767
2023-10-25,-0.00977621786879743,-0.002256744384357098,-0.003344848723550028
2023-10-26,-0.0009606278295199714,-0.0029681967084065064,0.0016106088653046475
2023-10-27,-0.00431429172756083,0.001818708777492482,-0.00022915284176701223
2023-10-30,0.005791716707905066,-0.007407343554083338,-0.001305352945986736
2023-10-31,0.0035563680488772237,-0.004137954800899745,-0.0041547724183502695
2023-11-01,0.007466964018852836,0.0036244141557762424,0.0022232022179456312
2023-11-02,0.018219007067006156,0.021192596730523962,0.012002883213713263
2023-11-03,0.01246761109290159,-0.003283028370645002,0.0003001645588208088
2023-11-06,-0.003927625734547727,-0.0010378402804881819,-0.0002952751856191037
2023-11-07,-0.003047018106696706,-0.02059491352278406,-0.009638987674796429
2023-11-08,-0.0017267094847891558,-0.012231100334329437,-0.005924073000960735
2023-11-09,-0.007826626657561273,-0.003757411862231604,-0.0028588144614387703
2023-11-10,0.007654472173664281,0.011373813458979224,0.0027835670832333627
2023-11-13,0.0012289746315342894,0.005693001197514645,0.0020996298805668378
2023-11-14,0.023632093645353992,0.010531969594019495,0.008261207241766856
2023-11-15,0.0012745964207030187,-0.004814816937281506,-0.0031524105870166085
2023-11-16,-0.0037461884897081314,-0.018954685413177432,-0.0056085087695201125
2023-11-17,0.005597016214285145,0.0188517757643781,0.00906217995642263
2023-11-20,0.005251277096810444,0.011644320276291168,0.005489012951057637
2023-11-21,-0.002986533759355605,-0.0005149175027456715,0.0014874707179939506
2023-11-22,0.001825283566188767,-0.005500641675163343,-0.0026456885603771997
2023-11-24,0.0016594493784691602,-0.0030445819389506635,-0.0014155432979627432
2023-11-27,-0.0011773855066670124,-0.004342976388820601,0.00013109029653101238
2023-11-28,0.0024159481142493854,0.008404925256922489,0.006605304636050568
2023-11-29,0.002546615282550942,0.003151616750825082,0.0010103225262530515
2023-11-30,0.0015462744646005137,-0.009575754134772815,-0.0035739605539813137
2023-12-01,0.010659371657992144,0.0004529641402490133,0.0035587208314260574
2023-12-04,-0.003548950316752267,-0.009100287544094253,-0.005577717797369411
2023-12-05,-0.003187348062721904,-0.008290739114114478,-0.003149209887484535
2023-12-06,-0.002272267251060947,-0.021195036892992274,-0.009709534199243258
2023-12-07,0.00463550914382493,0.0030998128285593977,0.0013958289096863716
2023-12-08,0.000830270503747869,0.008006916608985152,0.0008114658107691452
2023-12-11,0.0021429380156161738,-0.0012089995144395145,-0.0031872601621352266
2023-12-12,0.00011427850530693668,-0.01463181356937544,-0.005488765970053056
2023-12-13,0.017190535738101167,0.012823707886681995,0.008353247446638635
2023-12-14,0.01323543538037753,0.025237228727883997,0.014578207260607736
2023-12-15,-0.004359448595235563,0.0006271647368196827,-0.00021742649807004842
2023-12-18,0.0009773945040208168,0.0072236530733795525,0.0025228322358789752
2023-12-19,0.007670443081090328,0.008930592631002538,0.004076889357457252
2023-12-20,-0.012277091228035207,-0.01238346370464378,-0.005686589975626696
2023-12-21,0.011015552677249966,0.00896411906082398,0.005301343428939873
2023-12-22,0.0014039705147497923,-0.003166646545639768,-0.0019064728332941
2023-12-26,0.005658786502766874,0.008274041727571983,0.0015067739823767703
2023-12-27,0.003212174647330472,-0.005492781472020647,-0.001584707346792841
2023-12-28,-0.0005929294501056246,-0.010708825805760401,-0.004601141950521563
2023-12-29,-0.00345651305589317,-0.004118177500813739,-0.0011990193134001565
2024-01-02,-0.0054867524667147945,-0.0038453260145768437,-0.0009841744122848148
2024-01-03,-0.007501028452326544,-0.003464190513084997,-0.0020886541958594746
2024-01-04,-0.0012740000631616803,-0.0032129177429646083,-0.0008272955503549103
2024-01-05,0.001171778307919211,0.006084830616159396,0.0004635603333900238
2024-01-08,0.007547073500599403,0.0005466418097864199,0.002384648996600869
2024-01-09,-0.004057791808445846,-0.008388706351103796,-0.0021755207895033943
2024-01-10,0.0009611809414498331,-9.756386262682235e-05,0.00037017891749871663
2024-01-11,0.00013998484653143095,0.0036719749601473147,0.003060292823654917
2024-01-12,0.002271454734816545,0.007385611040977171,0.002695992648869397
2024-01-16,-0.011351730372408256,-0.013715711613047979,-0.004299954369060879
2024-01-17,-0.00762948631395505,-0.008105444587747443,-0.0041133818161857095
2024-01-18,0.004423461695425493,0.00425264833194882,0.0015580677173364214
2024-01-19,0.006548129716140648,0.006170203646591989,0.0016509396347182416
2024-01-22,0.001982574316835444,-0.0006828428666454796,0.0006108705024994915
2024-01-23,0.0008976960859099888,0.001120651907001978,0.0014135817373516339
2024-01-24,0.0017600833870003725,0.007207983158977921,0.004172829681058292
2024-01-25,0.005090869657525367,0.009116419206397513,0.004553527634680439
2024-01-26,0.0006475156052547814,0.005694119533371986,0.0018615331557407249
2024-01-29,0.004646311479934818,0.0019104453293453888,0.0015619337349278605
2024-01-30,-0.0006887375297332356,0.004053381747684119,0.0016620987272361071
2024-01-31,-0.008807867488139193,-0.008357911746776957,-0.0013974100746199252
2024-02-01,0.008392051230043163,0.006363300773241607,0.004092792907859906
2024-02-02,-0.0033828323440173915,-0.005502791912018358,-0.0042375218502881595
2024-02-05,-0.006136976597970358,0.00025346162265750506,0.00027707017845965875
2024-02-06,0.006947833575724847,0.009112250782118256,0.003732896545835112
2024-02-07,0.0011631298965970789,0.0005119362810165529,-0.0006324728257358987
2024-02-08,0.0008991532365278597,0.0020831766242209865,0.001970313745345331
2024-02-09,0.0032042994009161413,0.0010157894074599113,0.0005247414362760804
2024-02-12,0.00332952861713765,0.002873259489417469,0.0017274083650375511
2024-02-13,-0.0165380516893786,-0.014190796514902154,-0.007501816849532395
2024-02-14,0.0083031635750492,0.004857091274145862,0.0019147678110678207
2024-02-15,0.009668578833627275,0.012593275800022605,0.005241317895168613
2024-02-16,-0.0022856139313339715,-0.00013619865931113019,-0.000931727802751476
2024-02-20,-0.0015833382922479256,0.0015462793171922094,0.0016860694609446094
2024-02-21,0.0019911959356919352,0.004347652139597171,0.0011678764626825047
2024-02-22,0.008519866345942533,0.00392871575333961,0.0009638873885314198
2024-02-23,7.593660406745164e-05,-0.004287584393093594,-0.0006113832236978801
2024-02-26,-0.0014485846694675668,0.0010382963494054713,0.0006969304557335238
2024-02-27,0.0031969778224341847,0.0011368309006686006,-0.000687975609932097
2024-02-28,-0.003181436527193483,-0.008302096240293148,-0.0020596555599029643
2024-02-29,0.0031562424138399815,0.002782601806082508,0.0014582091518694866
2024-03-01,0.008070147189790065,0.010237363639524148,0.0029011496415633155
2024-03-04,0.00012337972945595702,-0.0022087739813171393,-0.002087568058703847
2024-03-05,-0.0038683812550948157,-0.0023461262843733365,-0.0015226149356308396
2024-03-06,0.0067699398611016015,0.0033057181226462447,0.0007065356236325535
2024-03-07,0.006091783664826534,0.007907924211712089,0.005342216573769456
2024-03-08,-0.0018586860763534102,-0.0020354631840104197,0.0003073854320145769
2024-03-11,-0.0005049787614016319,0.0014221122808384923,0.001303916430780033
2024-03-12,0.0031683528755353024,0.0004934710869638897,0.0003602609376373318
2024-03-13,0.0007295886055140581,0.005054379756018301,-0.0002627690924988009
2024-03-14,-0.006667699665574674,0.00032336782545020447,-0.0008471853067742892
2024-03-15,-0.0017461603574526448,-0.0012125760523384514,0.0006027980241490754
2024-03-18,0.001017152457489143,0.001015293025438152,-0.0002849832277057125
2024-03-19,0.003154598818639401,0.003485991929415167,0.003774430103048096
2024-03-20,0.008553227110212593,0.010438915295331301,0.0038545666598083653
2024-03-21,0.0031600434106267413,0.0028302757776712535,0.0033423519221158398
2024-03-22,-0.003915374814482518,-0.0036112745511309363,-0.00038034178172632497
2024-03-25,-0.0005751152676457249,0.00371392565828671,0.0013420388952097007
2024-03-26,-0.0017147565657373164,-0.003878770018501773,-0.00410541551774155
2024-03-27,0.009269212579324214,0.007980366308799872,0.0032950206590174644
2024-03-28,0.002484799117434738,0.008305940031672685,0.0040415353049774215
2024-04-01,-0.0027595895526382193,0.0030840610163932855,0.0006145477219315989
2024-04-02,-0.004460830078036811,-0.005866107505571213,-0.0024607587071298685
2024-04-03,0.0025870874277927796,0.004188616311324891,0.001874510013869434
2024-04-04,-0.006117520910208741,-0.004692327279633105,0.0003698769545355502
2024-04-05,0.0049443587010919755,0.013229871975398976,0.006986402102910148
2024-04-08,0.003090585812453457,0.0017535876017072262,0.0014209543201742585
2024-04-09,0.003128263185795301,-0.000801968265497542,-0.0004871049259471558
2024-04-10,-0.013629935676857923,-0.010722923643665358,-0.007024581260533641
2024-04-11,0.002299024716848764,0.003470607878369972,0.0006071908039282654
2024-04-12,-0.011739041932278541,-0.013192942008232499,-0.00501670604977331
2024-04-15,-0.007382767062659995,-0.0069303562368339885,-0.002289555180007354
2024-04-16,-0.005657143242197073,-0.008826963501141557,-0.005846590145608095
2024-04-17,-0.0022626667924246393,-0.0028097711604498053,0.0007907760491431961
2024-04-18,-0.0005578656275064234,-0.0008563636957845686,0.0004126184374286239
2024-04-19,0.0007655427360073586,-0.000911843233474193,0.0030147527398489533
2024-04-22,0.007014313110474979,0.007974939545663197,0.0032526843915087486
2024-04-23,0.009013340058902053,0.012052362647398547,0.0051070943020831445
2024-04-24,-0.0008848078031167195,0.0008770092579781886,5.189330277655249e-06
2024-04-25,-0.0016598375072672837,0.0008215198956728441,-0.0011185583993719348
2024-04-26,0.005105676443860998,0.009368105961233301,0.004246841737028176
2024-04-29,0.004803013756171003,0.001824816774221206,0.0017404010112459188
2024-04-30,-0.013890000839503315,-0.020845261630516733,-0.008351330942345307
2024-05-01,-0.0009394946409647875,-0.009557355415022659,-0.0016575595204711099
2024-05-02,0.011082643794105547,0.009239321416711624,0.005272648387568336
2024-05-03,0.008555391755895677,0.012335214025575017,0.0055798802474057935
2024-05-06,0.006870331533060706,0.008078388919429367,0.0025644163538116557
2024-05-07,0.0008586430158547964,0.0009102708381616023,0.0009749697195532826
2024-05-08,-0.0017015666666290495,-8.575277886582126e-05,-0.0011621553049351702
2024-05-09,0.007144082622049004,0.004965249882068078,0.003754328066607571
2024-05-10,0.00024931489925708936,0.002355126798441076,0.00017565558713391867
2024-05-13,0.0015584770559173998,-0.006473772977086865,-0.003850809998494069
2024-05-14,0.00475676992096093,0.00890281005571642,0.004054059786829067
2024-05-15,0.009471979947867287,0.013269735295072768,0.005479020789468333
2024-05-16,-0.0017094724314678507,-0.005440244822055724,-0.0009700018828311015
2024-05-17,0.0031600688968041915,0.006464361379243903,0.00421487080452486
2024-05-20,0.0004044120771774185,0.003637103194734446,0.0006484906434097461
2024-05-21,-0.0006581118376284995,0.00013920491783857443,0.00043908756735054367
2024-05-22,-0.00534346570560444,-0.005775489744390576,-0.003239229911973014
2024-05-23,-0.009078684118698376,-0.0029297263375631694,-0.0026252793186547292
2024-05-24,0.004584264248085667,0.004319839172193232,0.0010897980827515115
2024-05-28,-0.0005162212456081619,0.0050040119175296955,0.001031062975710938
2024-05-29,-0.010759875456122243,-0.011842759184744107,-0.00567670377302959
2024-05-30,0.0021076826307332317,0.0006143571570467084,0.0015362518354643834
2024-05-31,0.005893877796205546,0.004911194226999449,0.0029692294173529793
2024-06-03,0.00041854856799193206,-0.008871255806497757,-0.0041127918635680315
2024-06-04,-0.004610330402575723,-0.01176485692249915,-0.004655025246012975
2024-06-05,0.00851498651627578,0.018023959282440803,0.0072112888478743685
2024-06-06,0.0012901642236283859,-0.001524353548900474,-0.000696894659212361
2024-06-07,-0.008521712933364938,-0.011197519552195676,-0.008500023955739186
2024-06-10,0.002225879143739673,0.000696325854817103,-0.0015027401552722417
2024-06-11,-0.001666752474361165,-0.002086171295690811,-0.00114350745232439
2024-06-12,0.0071756227926248585,0.011464203987986801,0.004879402674598434
2024-06-13,-0.0022805987082047895,5.517892680550855e-05,0.0012126454945072043
2024-06-14,-0.0035057594796389013,-0.007703549614737719,-0.005076308275349797
2024-06-17,0.0034112218210380694,0.004572425350311283,0.0011781315727863344
2024-06-18,0.004409636549252038,0.007894298654561087,0.005095663709875553
2024-06-20,-0.0009523664674118687,-0.002956844434816844,0.0005490887388056756
2024-06-21,-0.0025043446008059587,-0.005671511164438499,-0.0012789240859382618
2024-06-24,0.0041320583344106295,0.0013610200364731297,0.0017567045564836341
2024-06-25,-0.003317397726246488,-0.001939311131140549,-0.001921933549194765
2024-06-26,-0.0036284290313567647,-0.007236250559309271,-0.00461876257467697
2024-06-27,0.0019232830539393003,-0.00016535540013722018,0.001208013575258805
2024-06-28,-0.00026686196634353066,0.002682927410470594,0.0010503985423685914
2024-07-01,-0.0015888640810672585,-0.0007523480307889674,-0.0028505970142443824
2024-07-02,0.003596639986632128,0.006398823774683095,0.006688109545361601
2024-07-03,0.006212096687016473,0.010634893124254176,0.005055780853072601
2024-07-05,0.002358673760372207,0.003840606261647428,0.00498086295635719
2024-07-08,-0.0005771209269404386,0.0029994118091831957,-0.00024740775854325826
2024-07-09,-0.0006047281043601548,-0.002289850084422506,-0.000594525173964247
2024-07-10,0.00743296136200885,0.011370237027982299,0.004843938485701045
2024-07-11,0.007754922979991208,-0.002803561423395706,0.0002175761130353319
2024-07-12,0.0059579775725228734,0.007394497290509678,0.00404382006225359
2024-07-15,-0.0016225445877630044,0.0018776930429638657,0.0014776170215979186
2024-07-16,0.009370198764871239,0.008892569183112152,0.005121567636841941
2024-07-17,-0.006039505814351609,-0.022583276092266243,-0.007059548749582238
2024-07-18,-0.007554355411770503,-0.002278370506970004,-0.004873567635296416
2024-07-19,-0.006182458938532091,-0.009722984500801803,-0.0045500176296381705
2024-07-22,0.008085362537681379,0.016013195005353892,0.008139445758599526
2024-07-23,-0.003062405440017933,-0.006301611262219053,-0.002929099774497874
2024-07-24,-0.01215449107782828,-0.02619330598124534,-0.013377567394724824
2024-07-25,-0.0009563302112348704,-0.005906671594672615,-0.00393578683962876
2024-07-26,0.009162804840504662,0.012899249440163255,0.008016296430763136
2024-07-29,-0.0018107570052126561,-0.003244033138883114,-0.002081144464482274
2024-07-30,0.0003465682204069592,-0.0072972171135117225,-0.0015928842789406528
2024-07-31,0.010345370502937639,0.02101434969618369,0.008952839800716431
2024-08-01,-0.012869422121183772,-0.025909549950036782,-0.008457628219676628
2024-08-02,-0.01177514986511269,-0.025634755259836533,-0.013181190072620749
2024-08-05,-0.01960172967725658,-0.031066746919548104,-0.023116591559269012
2024-08-06,0.004410922583588262,0.007080901342021862,0.005315395868121259
2024-08-07,-0.0014076256665987582,-0.008056415546709984,-0.002163358199762517
2024-08-08,0.015362839264913017,0.027786205197957475,0.014818048910574087
2024-08-09,0.003079497310379852,0.0015276351531302009,0.0013224553469237765
2024-08-12,0.00012470163839272753,0.0008484389313139303,-0.0013488015479646458
2024-08-13,0.009942354349997221,0.018653548908081994,0.011053808973214015
2024-08-14,0.0007600474662996042,0.0004124088807599254,0.0008677427295616577
2024-08-15,0.010062649035069465,0.021034072379736205,0.01074894717657041
2024-08-16,0.003593660205547042,-0.0005019481427086738,0.0005144890314944858
2024-08-19,0.007890484665459623,0.01307847908278876,0.008050501982171006
2024-08-20,-0.0034126035041085203,-0.007522333413745611,-0.0028043360866601068
2024-08-21,0.004645442960548878,0.007884085949666,0.0027005992189119946
2024-08-22,-0.006527586640471682,-0.01196507596807676,-0.005301076031775548
2024-08-23,0.014048432606097058,0.013932502372626674,0.005400453082522416
2024-08-26,-0.0014989696669386273,-0.007613142926326947,-0.0021303157510176463
2024-08-27,0.000288357219277359,0.00307325422170857,0.002787435479600527
2024-08-28,-0.004310879398099625,-0.008115280770429669,-0.0037608895301253754
2024-08-29,0.0022704989083176716,-4.8047143051819586e-05,0.0012252179195651968
2024-08-30,0.0037343045373941994,0.01050968873127474,0.005531846264671796
2024-09-03,-0.013545661030455696,-0.028716892412581258,-0.010300360852331181
2024-09-04,-0.0006179070648760727,-0.0030760418889244474,-0.0017049077360343035
2024-09-05,-0.00024113274697444028,-0.0025271741379039453,-0.0019738299722367085
2024-09-06,-0.011218430475267688,-0.019265640528395925,-0.011293144391245406
2024-09-09,0.007009479074246641,0.009411209595108416,0.006941367112015689
2024-09-10,-0.00012468754659920043,0.0018180848745911282,0.0005176938757038555
2024-09-11,0.004547146022849344,0.012661078815974511,0.004400139398265887
2024-09-12,0.0074034011279607926,0.009024244889139856,0.005281087039734843
2024-09-13,0.007363348646321638,0.009369573913877246,0.005464280427391431
2024-09-16,0.004558263959106387,-0.0007930294440829911,0.00121225959531854
2024-09-17,0.00038897953200992463,0.0038455090174958485,0.0019928678705715976
2024-09-18,-0.0030996376061315297,-0.003580506250692464,-0.001266295863303733
2024-09-19,0.013122876175258095,0.022912570009754562,0.011911443529117468
2024-09-20,-0.0029266472945634068,-0.0065411702401901705,-0.002773347527397054
2024-09-23,0.003431157991718515,0.0036556422072712533,0.002761541733698873
2024-09-24,0.0070617310243098535,0.005950004672274437,0.003296467171639318
2024-09-25,-0.00602848949504098,-0.004709636520491195,-0.004319589125965716
2024-09-26,0.007678633741879867,0.007209700239335731,0.002405767592136389
2024-09-27,0.001805903036927227,-0.00099968526613039,0.00021832195995072462
2024-09-30,-0.0012093619632328975,-0.0017350948405534272,0.0001387670059278515
2024-10-01,-0.0023502047585412275,-0.010864031380185404,-0.004434602631536305
2024-10-02,0.0015763169759672692,-0.004185416898169595,-0.0020147216189240263
2024-10-03,-0.004214384081645647,-0.0043171501526346,-0.0034498896103056834
2024-10-04,0.00431042379044488,0.0036723289342389573,0.0005805681661791321
2024-10-07,-0.004607743330914994,-0.0064115377661749014,-0.006728494719916729
2024-10-08,-0.002416376776805937,0.004896398974663439,0.004118568406914639
2024-10-09,0.0016061793098119223,0.0031012591598096823,0.0018658722951948583
2024-10-10,-0.00024275147325088426,-0.004392761862644113,-0.0018729909504745482
2024-10-11,0.006661534179642065,0.006639884633507714,0.004117882505564105
2024-10-14,0.0016353259043580973,0.004780904314795489,0.001993643393590503
2024-10-15,-0.00661044539262165,-0.0056677519410967105,-0.001624561326339848
2024-10-16,0.005185425466027903,0.005954037155891777,0.003522904246279875
2024-10-17,-0.0016880478854134,0.00041149414213081036,-0.0027160271458003663
2024-10-18,0.003272535666965088,0.0032981321946724566,0.001627973780815265
2024-10-21,-0.0074539958764732375,-0.0078547336038866,-0.005007446781685494
2024-10-22,-0.0005306238295082202,-0.003509888203126772,-0.0024298819573754502
2024-10-23,-0.005398555299934531,-0.007062969716011693,-0.0034936696750525
2024-10-24,0.0019229965879091798,0.004873050892325476,0.001513091661202105
2024-10-25,-0.0027604641969475106,-0.00364260690280244,-0.0034259455266879356
2024-10-28,0.0028024467175654304,0.006238105057502071,0.003864920434655247
2024-10-29,-0.0018962204594276417,-0.001169731682476581,-0.0004204706770806311
2024-10-30,-0.002147072828117704,-0.002641538089424316,-0.0014748263579459698
2024-10-31,-0.008425666202602706,-0.010329174303481833,-0.004227846656575942
2024-11-01,-0.0006420716849128013,0.002732228823034112,0.0004291759274030657
2024-11-04,0.0028793994817113717,-0.002724700746108938,-0.0006434839760391553
2024-11-05,0.009278793715496997,0.009153796694629054,0.005043108409694649
2024-11-06,0.00719930176281564,-0.006692867068405907,0.0016734273218699093
2024-11-07,0.00809884423935426,0.010462567418640765,0.004893425931799058
2024-11-08,-0.0020642165994542027,-0.003441132849220675,-0.00034927015784704055
2024-11-11,-0.00040780373940793444,-0.003940644937125665,-0.0007196007499794221
2024-11-12,-0.00989677363704758,-0.013178162479345714,-0.006580648259735678
2024-11-13,-0.002251194238105733,-0.0047451615112407385,-0.001532967069495721
2024-11-14,-0.00399645687058138,0.0028858650948317935,-0.0008203681884762979
2024-11-15,-0.004969217317286268,-0.005550488909563944,-0.0019196053982754914
2024-11-18,0.006285902546980671,0.005764101954604947,0.0029954557360942014
2024-11-19,0.0012703937394904757,-0.00037549415242312103,0.0003404322445739145
2024-11-20,0.0001568291868559035,-0.0004484090929106283,-0.00015971779450356963
2024-11-21,0.005486201680195745,0.00658969584832537,0.001863189036425974
2024-11-22,0.004825663049150209,0.008544928331354982,0.004171215573797875
2024-11-25,0.004460173082619432,0.003530817054394432,0.004942971202120321
2024-11-26,-0.0015706550339173262,-0.003789046964227871,-0.000945063428692931
2024-11-27,0.0005888820478599702,0.0007467152797117566,0.002165805531833272
2024-11-29,0.004810366587208011,0.007307565499124415,0.0032054673056454365
2024-12-02,-0.0014381986388439163,-0.000305571377880975,-0.0011346608375672235
2024-12-03,-0.0001613328368412995,0.004756285228673889,0.0013594063569619867
2024-12-04,0.0015402027109093909,0.0027310075074818392,0.0018766884197443788
2024-12-05,-3.9736301816592376e-05,0.0026017844492039395,0.0021637358426324503
2024-12-06,-0.00015190557218477588,0.0006874494529102461,0.0008933801931696871
2024-12-09,0.0008476539261359326,-0.00014169509920778484,-0.0018032451459914273
2024-12-10,-0.00518973946434157,-0.004483672998875707,-0.0009559364887565678
2024-12-11,0.003096563436910304,0.0030285322664793625,-0.00021695402023436464
2024-12-12,-0.005968916374726004,-0.008234606339371446,-0.004274276475185513
2024-12-13,-0.002083163164727736,0.000253892403128743,-0.001363015367246748
2024-12-16,-0.0014280488514921044,-0.002348205083682158,-0.0005501223899702818
2024-12-17,-0.004428886200394429,-0.007556419615513404,-0.0038843071255061238
2024-12-18,-0.024220257546238758,-0.02569106619849169,-0.015389513441733433
2024-12-19,-0.002666623840729869,-0.004925123811822982,-0.0014902804572205744
2024-12-20,0.008143389452144472,0.0068207587814566074,0.004844851006058392
2024-12-23,0.0020938235607380106,0.0019378442807712491,-0.00046080414775916833
2024-12-24,0.006186790123354262,0.00657450319991535,0.004183300230032994
2024-12-26,0.0012474135940915615,0.003983431204232334,0.001971452848994889
2024-12-27,-0.005621801117217761,-0.005791510423134321,-0.0038254684784617783
2024-12-30,-0.0044011462770981785,-0.007779050884410355,-0.0031251044207916837
2024-12-31,-0.00010746969005908633,-0.0008816908136186015,-4.363449148092256e-05
2025-01-02,-0.00021993520955748317,0.0011209544474653744,0.0018240924881504988
2025-01-03,0.005719687237759171,0.009517436431903649,0.0029304924782374763
2025-01-06,0.002745488635477251,0.008179023879973367,0.002422839933560842
2025-01-07,-0.004833554534359308,-0.010210174886904979,-0.0033162830243562273
2025-01-08,-0.00013357384824828493,0.0014667221848408732,0.00011180744031634129
2025-01-10,-0.010391320716817523,-0.010478280208792821,-0.005416415139723828
2025-01-13,0.0016616371556866685,-0.0026961898907111913,-0.0009558691100765585
2025-01-14,0.0053497685496314215,0.004575223455280083,0.0017336848090569127
2025-01-15,0.01311758397104348,0.0174219387741434,0.007725943836406476
2025-01-16,0.002361924426954995,-0.0016363191292508108,-0.000699924154591872
2025-01-17,0.004438892718167505,0.009603309379375244,0.00382717105577743
2025-01-21,0.010174180108143636,0.009991938598261852,0.004280439510137153
2025-01-22,-0.0017577108301306376,0.009465624178529756,0.002531717843782898
2025-01-23,0.0032036920070182464,0.0026341995700085398,0.0015647805312796273
2025-01-24,0.0010352756049473077,-0.003484492869954257,-0.0011557168437602624
2025-01-27,-0.004974017380335706,-0.023834816708047966,-0.008571523946528839
2025-01-28,0.0009503120325356132,0.0107299050053875,0.0035111754073961603
2025-01-29,-0.0012733960303057922,-0.0035779741579496254,0.0001563115355956616
2025-01-30,0.008519576256056541,0.008288447068880286,0.0032690274808550245
2025-01-31,-0.006854652495754028,-0.005194411563816134,-0.0018396132946189411
2025-02-03,-0.004265073039779182,-0.00879302483053417,-0.003249806633357105
2025-02-04,0.007047289939431654,0.010884040068513734,0.00454638820289785
2025-02-05,0.005142253936679006,0.007414334917063813,0.0036292920476540405
2025-02-06,0.0014895486744611393,0.001900911194939731,-0.0007221194562237684
2025-02-07,-0.006036900899313498,-0.009414156161547371,-0.004086862175927652
2025-02-10,0.0061094302392108064,0.012080833731370208,0.0048210696345808894
2025-02-11,0.0008363687596366508,-0.0002482883489947424,-0.00039942718975318695
2025-02-12,-0.0025225296927375174,-0.001963141601503883,-0.0018749494387749963
2025-02-13,0.008942831535580573,0.011325883597293303,0.005286835879714974
2025-02-14,0.0009277611170882159,-0.0005621420851483035,-0.00011290266392801403
2025-02-18,0.004823588121457074,0.0058737334473754465,0.0019901589342697142
2025-02-19,-0.0009813349903986838,-0.001738195668147629,-9.364638165092806e-06
2025-02-20,-1.2460043859395864e-05,-0.002614090241075306,-0.00039011076017026624
2025-02-21,-0.009921723820293788,-0.017864665869454135,-0.006042199172737298
2025-02-24,-0.003138407269113536,-0.00852360264981775,-0.003849723427257544
2025-02-25,0.0006671743292992655,-0.005333852799065012,-0.0008495644970541933
2025-02-26,0.0006297282284976535,0.0034792791269896667,0.0020666077878834454
2025-02-27,-0.009616662704351164,-0.024610278853932757,-0.009406900988392267
2025-02-28,0.004890222565001347,0.0075835760712638246,0.002327799088748596
2025-03-03,-0.006534943184023137,-0.016262659110209614,-0.006637781879329469
2025-03-04,-0.005289678754401693,-0.0004352963479667684,0.0010842771023820085
2025-03-05,0.01136253750649247,0.0141718474576322,0.005125881622474953
2025-03-06,-0.009492997983191288,-0.01712928367820898,-0.00583999019077919
2025-03-07,0.005879383081068981,0.007375439097350074,0.003457674347718226
2025-03-10,-0.01512202001622648,-0.024943538995024855,-0.006870102491487189
2025-03-11,-0.0035073023121498905,-0.0018475363982661565,-0.001030157280631868
2025-03-12,0.001033897318023015,0.008567052435949471,0.00236869417069434
2025-03-13,-0.006152858766733659,-0.009123091642346329,-0.0020582424081304154
2025-03-14,0.014813906262362824,0.01791342087399667,0.005048364645054785
2025-03-17,0.009463628594497614,0.007770608689054661,0.003907396514959036
2025-03-18,-0.003864867228815897,-0.006330563033108705,-0.0010672345882375236
2025-03-19,0.005768959359385841,0.009650861002133802,0.004644167068593198
2025-03-20,-0.003939925226947486,-0.0030482947207605394,-0.0004716382197941071
2025-03-21,-0.004139113909668812,-0.002906726336956776,-0.0006992877572645528
2025-03-24,0.008553677734383851,0.014690661452737303,0.0042849052937300736
2025-03-25,-2.9494420750923332e-05,0.00310467609811213,0.0010120337356825447
2025-03-26,-0.005795069781919049,-0.014914994035616927,-0.006476452822020916
2025-03-27,-0.0003612653414240133,-0.0022202501545957763,-0.0009647218742774056
2025-03-28,-0.00954980589762255,-0.015752117276105693,-0.0037828232240329925
2025-03-31,0.002864410419352953,0.0026866453139211626,0.0006289832610871875
2025-04-01,0.0017878117540043486,0.001388783434453313,0.0023224110783929535
2025-04-02,0.004902596486230291,0.0062597583218393866,0.0021565598295045156
2025-04-03,-0.029094254119053687,-0.026118607848482793,-0.00855037325464434
2025-04-04,-0.04570179475214665,-0.048090807957255725,-0.022346959874339822
2025-04-07,-0.014548524768583542,-0.015952479373873323,-0.011344312077967234
2025-04-08,-0.013718742553165138,-0.00625132431993611,-0.0022023041090018266
2025-04-09,0.06297735324289382,0.06175311118668795,0.027260668229515103
2025-04-10,-0.02314256064147318,-0.009919269050402295,-0.005101853198435858
2025-04-11,0.015448058968030474,0.017338807402105527,0.008586684291507385
2025-04-14,0.009149996736289757,0.004169756972929425,0.0027504270095516942
2025-04-15,0.0008429295194463986,0.005195784469815602,0.001808303358676973
2025-04-16,-0.005614869799105884,0.007116443047302486,0.006885954652148539
2025-04-17,0.0063036414324219425,0.0034393671059812915,0.00248219458725508
2025-04-21,-0.011743536548497871,0.0031789314883554813,0.0018017940482503306
2025-04-22,0.01631109946254157,0.01095829367279975,0.0032170188676176525
2025-04-23,0.006425433485057498,-0.0029466423823516436,-0.00252821570895585
2025-04-24,0.01302915170734447,0.014963931067024759,0.008470639742118872
2025-04-25,0.0016624284333361839,-0.002255828947212333,-0.0006519080619270337
2025-04-28,0.0033891343110331582,0.0062428735907235,0.003335928050101044
2025-04-29,0.0021216057389467813,-0.0012397662030062847,-0.001097582037576465
2025-04-30,-0.0012060428973672392,-0.004983039498268271,-0.003558402586367943
2025-05-01,0.0005536330478261155,-0.0064649530077033664,-0.0052407343213289265
2025-05-02,0.013089959900271335,0.011130098554599602,0.0035260635618984603
2025-05-05,-0.001995695348840565,0.007537862903352028,0.004888999966466548
2025-05-06,-0.002103429574600294,0.0069536933696644244,0.005967203165210169
2025-05-07,0.0003077317884938354,-0.0034695468370533186,-0.0018571847415802616
2025-05-08,0.0022144830752520673,-0.004549526963203565,-0.004017964678725345
2025-05-09,0.0025582728795407084,0.005075050648033504,0.002383778269596004
2025-05-12,0.01538603305979364,0.003479504912114117,-0.0018126451584717963
2025-05-13,0.0030062099321178193,0.006744345279807641,0.0030634387849117904
2025-05-14,-0.0035182493202625892,-0.0073334469918596105,-0.00671558163834436
2025-05-15,0.005651041837305782,0.009686640699748,0.006478355267567613
2025-05-16,0.004130802834982532,-0.0010641861429857846,-0.0013084637911651672
2025-05-19,0.0016485721724906488,0.006762286256871916,0.003874925058147607
2025-05-20,0.0008780029743662406,0.006597123843874136,0.003666398240951123
2025-05-21,-0.012395226679673896,-0.00628395391599,-0.002996385805396901
2025-05-22,-0.0016400249104641768,-0.0048819872811272265,-0.002212870852283186
2025-05-23,0.0005143998778931887,0.003992400973415207,0.0034201193004289032
2025-05-27,0.010367468531583851,0.0027863963457422786,6.534431175193173e-05
2025-05-28,-0.006315647634177706,-0.006824977137487465,-0.0027849128672133624
2025-05-29,0.003613324683070431,0.00407546500137259,0.0019102586120710024
2025-05-30,-0.0022914135621407237,-0.0021417163615439754,0.0002887087454861262
2025-06-02,0.006160058954637446,0.011547221391583295,0.005330499094374841
2025-06-03,0.0031932077648137297,-0.001995707397500197,-0.0011507574314362575
2025-06-04,0.0016743854366831881,0.0008294422988863102,0.0024132576325834013
2025-06-05,-0.0005905365119452802,0.0010194746446124275,-0.0009407491973059429
2025-06-06,0.005234850960677596,0.0027071537035735886,-0.0010766617802932918
2025-06-09,0.0019120010648211614,0.001963817465154067,0.0005526151135888772
2025-06-10,0.0035532285120578105,0.0010704992433890372,-0.00023254626889246014
2025-06-11,0.00015688905981683243,0.0008810428068466728,0.001479801197480683
2025-06-12,0.0031244594475411417,0.005144912935991958,0.003369363873036231
2025-06-13,-0.0074918637258472275,-0.005654165874231781,-0.0004564280356146636
2025-06-16,0.005000749865753039,0.002194609993372617,-0.0004238559747959911
2025-06-17,-0.0048740350508505274,-0.007702761601400343,-0.002014687002833889
2025-06-18,0.0008106312271572533,-0.0003565376109893071,-0.0010669046565607181
2025-06-20,-0.002241161961647309,-0.0012053872891701531,-9.775713843075343e-06
2025-06-23,0.00449086851590923,0.006367846674201696,0.002830802759656857
2025-06-24,0.0073408027248626365,0.0020256524347285684,-0.0013692782045672325
2025-06-25,-0.0038436685802350776,-0.0013344535448751049,-0.0008346616755383547
2025-06-26,0.006771902882961885,0.0054464426668566854,0.0022167287968320806
2025-06-27,0.0014497429475494924,-0.0026546872347716073,-0.0026460713549648694
2025-06-30,0.0035062923046980474,0.005430437960277794,0.003788241380843385
2025-07-01,0.003812344847100361,0.0020418946927462786,-0.0008099079012794457
2025-07-02,0.005323186790882059,0.006179804163201745,0.0024348733890468387
2025-07-03,0.002586159985387832,0.0014157441736364234,0.00020312463553570322
2025-07-07,-0.0076708785755912594,-0.005225548587530031,-0.002551829432433214
2025-07-08,0.0017132761795051726,-0.0015428157782400186,-0.0022415974370615954
2025-07-09,0.003759718162675557,0.006484776566712421,0.003630916275836227
2025-07-10,0.0027286339532018623,-0.0005245813902938798,5.50127774346812e-05
2025-07-11,-0.0037177030334896413,-0.0007461052517080645,-0.0003649275276433906
2025-07-14,0.0011329919588440268,0.002666092337536739,0.0012150538329534547
2025-07-15,-0.006957647406201992,-0.010837747427061662,-0.004649038090560657
2025-07-16,0.0040089042431288874,0.005968126569806921,0.0035100905872432423
2025-07-17,0.004595342553468391,0.0027031751505199667,0.0010129570282417662
2025-07-18,-5.836276436466106e-05,0.00130180112552349,0.0017024205160304316
2025-07-21,0.001461076739615454,0.005941678060104921,0.0027830086267978103
2025-07-22,0.004875644843532297,0.004930601932209737,0.0024545973218021854
2025-07-23,0.006300757035791303,0.0025799318740334573,0.0004360040654507715
2025-07-24,-0.003913605226279542,-0.004075742260964446,-0.0018764165739884027
2025-07-25,0.0007783128541110299,-0.0012119839416035363,-0.0003905503110309725
2025-07-28,-0.004345163891336832,-0.005595799073172247,-0.0017885411392684083
2025-07-29,0.0013740258487473294,-0.0006517259436191367,6.551904805754448e-07
2025-07-30,-0.0056054561382391606,-0.007892781557134642,-0.0035678360463861246
2025-07-31,-0.006064339917336204,-0.0015239074892092275,-0.0008716039728782684
2025-08-01,-0.0055584475094004136,-0.0004941201851128584,0.0021624595062222215
2025-08-04,0.009531997049723106,0.010310657860173758,0.004331588471541177
2025-08-05,0.00017233620584546961,0.0005834085510725837,-0.00017863896708422052
2025-08-06,0.0020926481815717866,0.004428252630126973,0.0018336012988372312
2025-08-07,0.002671402612185396,0.005653581973870792,0.001695796316226024
2025-08-08,0.0015764925724505426,0.004957403483023066,0.0012271542444755228
2025-08-11,-0.002348888680265245,-0.0035224011117799482,-0.00100303848842688
2025-08-12,0.008859050949986558,0.007635468800492828,0.0033245912540477924
2025-08-13,0.007531366669809486,0.005203355967418166,0.0026314553548525436
2025-08-14,-0.00397334358182301,-0.0009618979627981013,-0.0018625876611280117
2025-08-15,-0.00021225381619118566,0.000810402568091074,0.00015459077248795275
2025-08-18,-0.0003682254295654471,-0.0022877613062189015,-0.0006997099156441069
2025-08-19,-0.0013974835996929302,-0.002104086313342083,-0.0007464317089880762
2025-08-20,0.0014401845531740055,0.004178512137443292,0.0024017326259634713
2025-08-21,-0.002053617855902536,-0.0034401183714202707,-0.0018365348615328036
2025-08-22,0.015071513521740014,0.015002915549909252,0.007863145706568424
2025-08-25,-0.005168468915171796,-0.005683443525912418,-0.00209556173919252
2025-08-26,0.0009985101716028927,0.003715712148411979,0.0025941715018255583
2025-08-27,0.0012753788963604912,-0.0004494688299231043,0.0012662894909426159
2025-08-28,0.0024390342174143696,0.003615316799831447,0.0012820681797529301
2025-08-29,-0.002065122111405616,0.0010721870285074586,0.0014749522810050418
2025-09-02,-0.003734219440935102,0.0009288780494342412,0.0007273944563402724
2025-09-03,0.0007985408834236302,0.0018434744392119148,0.0014130362800752665
2025-09-04,0.0049445443660214175,0.00368338832373628,0.001692124661239682
2025-09-05,0.00306498229314407,0.0015059056847055838,0.0008812198330062696
2025-09-08,0.0035541952610628432,0.007400051505029675,0.003267610154609891
2025-09-09,-0.0006163971560331408,-0.00017188713648455143,-0.0003023468699884338
2025-09-10,0.0021388391590835727,0.0035270160056334863,0.0017611972991166838
2025-09-11,0.008138924459226926,0.004954188332959892,0.0027314122086589104
2025-09-12,-0.0026006404196243765,0.0002418006506829993,0.00014778730993135437
2025-09-15,0.004018914859724438,0.005159238089400364,0.003743126224491346
2025-09-16,0.0002667482171753333,-0.002534898226980346,-0.0004946180054202476
2025-09-17,-0.0009327131327166555,-0.0036387985949622227,-0.0029355621245247742
2025-09-18,0.002488262096082544,0.0034021466483562667,0.00043553864842198924
2025-09-19,-0.0007526715526261548,0.0033828932961319953,0.0019481912842921887
2025-09-22,0.0011546066848613994,0.003758381750691958,0.002498355337955677
2025-09-23,0.000680205575349136,0.0008593065977749012,0.00015391197204704681
2025-09-24,-0.003082087738063427,-0.00404712618542588,-0.002335287138852684
2025-09-25,-0.0037498413793379108,-0.0011458286619542564,-0.0011723344075106506
2025-09-26,0.005027133130733474,0.006656138927060956,0.003087099804696441
2025-09-29,0.0023535415619632917,0.004599708925951458,0.003364401627388875
2025-09-30,0.0020258755721071038,0.0027952090443415776,0.001083255537201757
2025-10-01,0.004450211158348757,0.005995632433154643,0.003166207914800957
2025-10-02,0.0002574755738843781,-0.0010200006290426971,-0.0010974550488912526
2025-10-03,0.0024993885478395996,0.00516112927929433,0.003863862476677443
2025-10-06,0.0011974621849776949,0.008174898807344238,0.007305450330283274
2025-10-07,-0.0034317798592370693,-0.0046277315648804405,-0.0027897540982820363
2025-10-08,0.003756340382156675,0.011936074996420383,0.008197259904940704
2025-10-09,-0.006195633164190924,-0.008392344937738933,-0.008978196632844337
2025-10-10,-0.01762540322143729,-0.0129912633890792,-0.01636820188188959
2025-10-13,0.012756818937376246,0.023116566158894004,0.020060107385911123
2025-10-14,0.0020468477871156913,0.0014587239638202804,0.003518405486889617
2025-10-15,0.004595587637445703,0.008853471972172306,0.005676415662082977
2025-10-16,-0.003088193400449292,0.005625844424128847,0.00045280920253976527
2025-10-17,0.0007916251902530062,-0.009600721486673644,-0.005056081206084584
2025-10-20,0.009987493765373369,0.018599165742527488,0.017896594816810538
2025-10-21,-0.0043401220713796965,-0.028982445913208747,-0.021471883560158764
2025-10-22,-0.001887663846940948,-0.003981879600879779,-0.00300797001986953
2025-10-23,0.005320943194807901,0.007211879800678107,0.006981981190956391
2025-10-24,0.003777318819604978,0.0036643038690322926,0.004166062301606225
2025-10-27,0.004471690465621931,-0.0038026298485235688,-0.0019154780441307765
2025-10-28,-0.0026835228408100854,0.0004901301277318095,-0.002282832666849556
2025-10-29,-0.004524100806656302,0.0005185803558947529,-0.0023643604180174026
2025-10-30,-0.00446684091759255,0.003079296417696069,0.0017492008812680087
2025-10-31,0.0010626905633753666,-0.0008343265496396574,0.00024952372751578777
2025-11-03,0.00029345183150815,0.001866699258804195,0.0023796125140495743
2025-11-04,-0.008467219380679635,-0.017615556109459342,-0.014501460900864283
2025-11-05,0.004705104253314349,0.010215907456121836,0.007688676932814114
2025-11-06,-0.004058491763295346,-0.005704595004546764,-0.005275454805802376
2025-11-07,0.0037662341943250216,0.00310666154342925,0.003166363948514301
2025-11-10,0.008937767541384289,0.023013382065654814,0.018506938341897976
2025-11-11,0.0049311373150643985,0.0023095066804663636,0.0016248756682038473
2025-11-12,0.0008712151540261106,0.01186203225765577,0.007657791726571517
2025-11-13,-0.010449692476842486,-0.013799381111935752,-0.012479045381174291
2025-11-14,-0.0015176481661268023,-0.010834956592981771,-0.008450274675728396
2025-11-17,-0.008898609524858063,-0.013829458610898659,-0.013733033396391868
2025-11-18,-0.0018558800252666662,-0.003251508300356137,-0.002879831347943815
2025-11-19,-0.001152459485709233,0.005395691632072922,0.0037939976166077825
2025-11-20,-0.01046979568748951,-0.012872042637423522,-0.01159491704797239
2025-11-21,0.00927896936771013,0.0032540123650860444,0.004403398316946514
2025-11-24,0.006924213320531499,0.01670539099421394,0.014184436952939717
2025-11-25,0.00875443023863461,0.010242482412430606,0.009947087622642029
2025-11-26,0.007383570960419022,0.012298354012165866,0.009590364726964468
2025-11-28,0.00471793174528688,0.01241823070086193,0.00818345210497637
2025-12-01,-0.0037047467227398568,0.0030181876369969043,0.00032272121453583727
2025-12-02,4.955474983084766e-05,0.003643751991034769,0.0015470761918288858
2025-12-03,0.00502054373895329,0.003534368567027847,0.004715606094555861
2025-12-04,0.0003798500579394025,-0.0011981478673583042,0.0016669023717121418
2025-12-05,0.000808480435258223,0.0023561020911061514,0.0006200213540599327
2025-12-08,-0.004563759057117804,0.00015239407545598635,-0.000553471176872801
2025-12-09,-0.0009135633097417798,0.006344133196421066,0.0014824128187939758
2025-12-10,0.008402853249777216,0.00978137717531025,0.009638532428674336
2025-12-11,0.0035574308360551633,0.007381900363320691,0.006355315317881302
2025-12-12,-0.00700587626403491,-0.011437686443319599,-0.00797362946118325
2025-12-15,0.00036280251177713934,0.005137626631975754,0.0011149043748362958
2025-12-16,-0.004888315956023066,-0.0011959149201219166,-0.0021506459725082606
2025-12-17,-0.0026728954829718437,-0.0015849271053186755,-0.003670393110418402
2025-12-18,0.0035674621697798,0.004681585463581252,0.004561489562964933
2025-12-19,0.004932362058744158,0.010488010992226602,0.007935262366944643
2025-12-22,0.005883563585114417,0.01339570407324926,0.013004677382753354
2025-12-23,0.002968979330100892,0.009103322944252427,0.005561499377665947
2025-12-24,0.002300575093011267,0.0009864453914353209,0.0009874716223883437
2025-12-26,0.001221265511470542,0.011873620657652248,0.0032033932373990385
2025-12-29,-0.004295657732037193,-0.022744383695257886,-0.01608942658283979
2025-12-30,0.0002813508562612071,0.005187225789978258,0.000684091474499014
