Date,equal_weight,classical_markowitz,robust_markowitz
2017-04-03,0.9992654004050608,0.9977516809156941,0.998795178930059
2017-04-04,1.0001401912271701,0.9971343917028611,0.9990312145764071
2017-04-05,0.9969026669178612,0.9928108310368687,0.9975748668266734
2017-04-06,0.9993500607822531,0.9953227881362459,0.9974952153635672
2017-04-07,0.9988110930564978,0.9947525998946488,0.997870832105894
2017-04-10,1.0000133871350858,0.9937609718645869,0.996714211376319
2017-04-11,1.0023588776741374,0.9920854527515958,0.9952732640890914
2017-04-12,1.0003769479285638,0.9867531276797902,0.9930847164509176
2017-04-13,0.995922039786059,0.9797593639934403,0.9893183796516054
2017-04-17,1.0016525749197716,0.9885822978131394,0.9950815164093412
2017-04-18,0.999426039127026,0.9883553778213227,0.9967814295889339
2017-04-19,0.9961948483817866,0.9894096696759447,0.9959813551370692
2017-04-20,1.0016527585169666,0.998522040896764,0.9999587663276563
2017-04-21,0.9998312601229802,0.9978376955703009,0.9986632575681331
2017-04-24,1.0093943146763333,1.0093016558402346,1.0058488871539903
2017-04-25,1.0140861732213524,1.0157979847103977,1.009169323909273
2017-04-26,1.012940295411359,1.0140545717152085,1.0063426550143204
2017-04-27,1.0128676887147385,1.0179895740515814,1.0098909761446075
2017-04-28,1.0107458590413274,1.010439368249211,1.0055871638945442
2017-05-01,1.012583922941649,1.0145977811558462,1.0069904708793032
2017-05-02,1.013263032264032,1.0125502096167818,1.005347447055905
2017-05-03,1.0100830792245457,1.0124148424705166,1.005399790675887
2017-05-04,1.0077245994702653,1.01266698701464,1.0065177878377607
2017-05-05,1.014060419197001,1.016785213197181,1.0095061427347427
2017-05-08,1.0107129230476133,1.0172578236220495,1.0088933361688839
2017-05-09,1.0104528234021226,1.0188278586651554,1.0092029444185076
2017-05-10,1.0147438958047919,1.0247906555398634,1.0135047963980102
2017-05-11,1.013324621790439,1.0221851208901804,1.0140783519103236
2017-05-12,1.0142380800593733,1.023329983016563,1.0152082917538234
2017-05-15,1.0192689092948484,1.030166515715551,1.020460423955279
2017-05-16,1.0201178348782758,1.034517049373107,1.0225570571558917
2017-05-17,1.0097084966663443,1.0118952498997922,1.0097543965579892
2017-05-18,1.008814632843313,1.018681051803899,1.0144767539027826
2017-05-19,1.0177395088013856,1.0265088521850878,1.0196244219942459
2017-05-22,1.0212250289377685,1.0343930759375006,1.0251794146437743
2017-05-23,1.021283609462262,1.0350319531134882,1.0255116670437554
2017-05-24,1.0235122374914978,1.0374629774734603,1.0287824818429103
2017-05-25,1.0238164930510216,1.0434334931742306,1.0335134487688116
2017-05-26,1.0245270479407482,1.043543778625849,1.0345171568224782
2017-05-30,1.022059713180773,1.0435691066230468,1.037057566570759
2017-05-31,1.020925653342996,1.042694497849771,1.038298232502262
2017-06-01,1.0273240863161284,1.050383855638297,1.0418378448362295
2017-06-02,1.031189400442702,1.0542987404947504,1.0457839640990447
2017-06-05,1.0290460528593148,1.0542699132687257,1.0459164731911577
2017-06-06,1.0287798206607024,1.0520872144356759,1.0455020382370377
2017-06-07,1.028160512134418,1.0574156975046736,1.0478902534070589
2017-06-08,1.0296592325661214,1.0635758992110038,1.0490234127191034
2017-06-09,1.0290990569078224,1.0529999272358326,1.038255002136636
2017-06-12,1.0277727163883295,1.0504658459216147,1.0363543067568324
2017-06-13,1.0325363211265264,1.0546896038726257,1.0393799256122542
2017-06-14,1.0307452444749767,1.0517091474849414,1.0386430715155
2017-06-15,1.026388189035863,1.0484478899257041,1.036787713581418
2017-06-16,1.0284404380611691,1.0482313276109703,1.0361538379783926
2017-06-19,1.0319998151855179,1.0579532724714893,1.0424098267578699
2017-06-20,1.025146077629774,1.0497514283931368,1.0377826980784046
2017-06-21,1.023615990544158,1.0510016235876596,1.039003101761474
2017-06-22,1.0244075682730842,1.0485824805609028,1.0371022374187653
2017-06-23,1.0270233453699988,1.0504283734481934,1.038555187995101
2017-06-26,1.029759653294012,1.0505327904082493,1.0381347402993015
2017-06-27,1.0245035303826646,1.0369681253627305,1.0265208877667817
2017-06-28,1.0317827396170955,1.0457340674467532,1.0315441093160531
2017-06-29,1.0251658377224682,1.0337854429339055,1.0203029518928102
2017-06-30,1.0276885243473186,1.0325460627969465,1.0195601020158436
2017-07-03,1.0301773029592354,1.0323729284885301,1.0204467996732791
2017-07-05,1.0287480506612194,1.036348122157287,1.0213135974246028
2017-07-06,1.0213907272198341,1.0310371601893702,1.0176531559713913
2017-07-07,1.0236791347673722,1.0343775837320082,1.01800702249426
2017-07-10,1.02579530140227,1.0385890316518676,1.0191179749370565
2017-07-11,1.0280342557113524,1.0414702781607135,1.0194667990955868
2017-07-12,1.0350155714691913,1.049002744279575,1.0239531374449022
2017-07-13,1.036330801408167,1.0479242097963057,1.0231243077979897
2017-07-14,1.0422580000372732,1.0544015427450626,1.0263935074389545
2017-07-17,1.0421865139646127,1.0554141620697033,1.0273311319096756
2017-07-18,1.0431254416495945,1.0547985476637096,1.028438634228508
2017-07-19,1.0488046607000912,1.060136332219576,1.0306823564425929
2017-07-20,1.0492221736027094,1.0629131136237333,1.0332002345034985
2017-07-21,1.0473317772496826,1.0617636120824618,1.0343434108438405
2017-07-24,1.0468517262353405,1.057853922557978,1.032049622526535
2017-07-25,1.0490851598321473,1.0601449550787025,1.031822150329303
2017-07-26,1.0519577732951964,1.0646896169804103,1.0345967830992258
2017-07-27,1.0505523124203142,1.0614284224883141,1.0339410711543982
2017-07-28,1.050901074786025,1.0597526468691272,1.034463782397017
2017-07-31,1.0509329104128264,1.0609923121293088,1.0362988013914018
2017-08-01,1.052526196465851,1.0634120242890344,1.0398165728561253
2017-08-02,1.0516505316009792,1.063477131467841,1.0403166459249356
2017-08-03,1.0501082379798254,1.0639126209493732,1.0418101730667337
2017-08-04,1.0516574815309505,1.0640964936233555,1.0406316301537102
2017-08-07,1.0536381030428812,1.0696989248317466,1.042506527500262
2017-08-08,1.0511520177201519,1.0679697526025693,1.0408522453821105
2017-08-09,1.0499185351974032,1.0666697518141441,1.0399864327933925
2017-08-10,1.0375362915924162,1.0544059368091523,1.0342192442391924
2017-08-11,1.0385141854762086,1.0541824160362052,1.0333225474784837
2017-08-14,1.0450882898574128,1.064821494525335,1.0384892940741532
2017-08-15,1.0425646025523323,1.0653449176605947,1.038358420031401
2017-08-16,1.0458697301797424,1.0692053435533968,1.0403423426012137
2017-08-17,1.035320250638355,1.0541588206502799,1.0336076149678413
2017-08-18,1.0366536131461122,1.0542343444384783,1.0337547470579311
2017-08-21,1.0372830957534027,1.05434587969766,1.0340784748812566
2017-08-22,1.0430864236006474,1.0633431575994254,1.0374236576624853
2017-08-23,1.0439080247999075,1.0636111710291434,1.038674892557078
2017-08-24,1.043224286230636,1.0628918124043616,1.0382181967349278
2017-08-25,1.0463246388072422,1.06604417485639,1.0415209316661669
2017-08-28,1.0464276071632175,1.067210394044484,1.0414893731846129
2017-08-29,1.0458297129283673,1.0675561669111926,1.0406381611900506
2017-08-30,1.0476282354207067,1.071786102052978,1.041773540137722
2017-08-31,1.0547055058171426,1.0768069932217883,1.0445653233640941
2017-09-01,1.0577093823281138,1.0795628967103061,1.0445689328342378
2017-09-05,1.0526700924562926,1.0715110537043928,1.042374125536716
2017-09-06,1.0561954558067501,1.0726205254918033,1.0421361157060032
2017-09-07,1.0585059574719096,1.0758235371088702,1.0439539413427819
2017-09-08,1.0564802022285549,1.0740761467554474,1.0442416972965056
2017-09-11,1.0633464508570225,1.0840158289051693,1.0487988579314222
2017-09-12,1.065578336469111,1.0846599222765532,1.0485049123732555
2017-09-13,1.0643745113442538,1.0815510793327663,1.046246925465338
2017-09-14,1.0655942346433476,1.0850248752905824,1.048614873060595
2017-09-15,1.0677942549179313,1.0906490266780056,1.05057634205264
2017-09-18,1.068903159604855,1.094570513202197,1.050720940060487
2017-09-19,1.0692447501639781,1.096289225242344,1.0515660247854657
2017-09-20,1.0687655138833572,1.093060299957755,1.0500345594881058
2017-09-21,1.0662873939178434,1.0908460676867466,1.049517235743243
2017-09-22,1.0667315091619498,1.0919119133250657,1.04998522943658
2017-09-25,1.0653219047114784,1.089112165441243,1.0516968162398384
2017-09-26,1.0645769018033568,1.0879373737024545,1.050993968643165
2017-09-27,1.0658708334908769,1.091146870773558,1.0489798390730083
2017-09-28,1.067293270328347,1.0951289291390767,1.0513313402996916
2017-09-29,1.0705755931518361,1.0987495249668473,1.0525915930159064
2017-10-02,1.0719750262549403,1.105487924168966,1.0575908005607797
2017-10-03,1.0748872252828867,1.1138905045489047,1.0628750843084676
2017-10-04,1.0750528516598352,1.1134389316065807,1.064509682073283
2017-10-05,1.0781426049185114,1.1153486994868123,1.0658012233955605
2017-10-06,1.0757358735198383,1.1124088491219675,1.062121433145954
2017-10-09,1.0744872154112728,1.111684176925971,1.0608432106168217
2017-10-10,1.0796504239826032,1.1191603901126084,1.0661224061210204
2017-10-11,1.0815000654913471,1.1231602595431007,1.069234317833904
2017-10-12,1.0814008450059922,1.1212469120157529,1.0699651002190473
2017-10-13,1.085031716592489,1.1296280227835083,1.074742000585436
2017-10-16,1.0846811819339464,1.131972484150292,1.0734271638404322
2017-10-17,1.0835489468390482,1.1279729863822223,1.07216750397677
2017-10-18,1.0842809356437286,1.1320665469951128,1.075457941110178
2017-10-19,1.083645179648537,1.1272474544513873,1.07698460001731
2017-10-20,1.085257371835389,1.130757171962074,1.079918349811712
2017-10-23,1.082063780311338,1.1246616029518295,1.0748572535535594
2017-10-24,1.0832438056445601,1.1302174119837234,1.0787697392830935
2017-10-25,1.0787823000261725,1.1223401283181054,1.0735456251176152
2017-10-26,1.0781187909914998,1.1146726433549723,1.0675308030031145
2017-10-27,1.0835979770231325,1.1233507247601422,1.0717448063040365
2017-10-30,1.0816073166101814,1.1161806304699182,1.064509554951075
2017-10-31,1.0839435559665398,1.1184715327418635,1.0630032017349682
2017-11-01,1.0852566376591026,1.119299000537871,1.0637543016886288
2017-11-02,1.0873711073341545,1.1205353577910453,1.0658297289601055
2017-11-03,1.087609801556042,1.1199573819307067,1.0623630621786686
2017-11-06,1.0921952537440445,1.128534925158353,1.0646198881920115
2017-11-07,1.0891092704353962,1.12472874654861,1.0629908608774623
2017-11-08,1.0907010674218935,1.130262061565952,1.066967789505813
2017-11-09,1.087282482114301,1.117373628386739,1.0595076435332742
2017-11-10,1.085548279206343,1.114758879061758,1.0568818560599353
2017-11-13,1.0852060156528498,1.1169786404354243,1.0598131794193208
2017-11-14,1.0827481825654923,1.1108296268489417,1.0570814543474327
2017-11-15,1.0789025810788277,1.1073610163366843,1.0521304325967151
2017-11-16,1.0864887048199572,1.122172741516154,1.0607048476587582
2017-11-17,1.0880750773196015,1.1238023327813973,1.0616710022449443
2017-11-20,1.0885582646154985,1.1310578832674012,1.064220210160322
2017-11-21,1.094686742194555,1.139315703500517,1.0706557019097533
2017-11-22,1.0963950573411254,1.141801707773195,1.0738203481063269
2017-11-24,1.0975146671377993,1.1423494110492256,1.0750332963029636
2017-11-27,1.0945376700791307,1.1336110559385264,1.0729019764413725
2017-11-28,1.1011241600066364,1.1395846390638429,1.0812329869717896
2017-11-29,1.0989388666287696,1.1225729290193363,1.0786216410738956
2017-11-30,1.1008482606716463,1.1257617738432406,1.0835681243843769
2017-12-01,1.1005093252617264,1.1219669904598644,1.0826843933504284
2017-12-04,1.0987774808170596,1.1200403034253472,1.086518518591219
2017-12-05,1.095251814048407,1.1140373148899765,1.0780244478615595
2017-12-06,1.0916111228534588,1.1151334835008269,1.0783175366191737
2017-12-07,1.0936272940285052,1.1214509471600167,1.080831822856027
2017-12-08,1.098663966271998,1.124446721642636,1.0852911300423054
2017-12-11,1.1003292912779146,1.1307446382622417,1.0883252332760467
2017-12-12,1.098655649312819,1.1281132927615674,1.0882304550449038
2017-12-13,1.101437245074894,1.130031597698192,1.0886172390187088
2017-12-14,1.0970372661234487,1.1241283368222177,1.0829622942997448
2017-12-15,1.1021929307152063,1.1339351811590455,1.0904866034581768
2017-12-18,1.1101717955710908,1.1521070723528408,1.1011874593888455
2017-12-19,1.10639686711595,1.1503879260574363,1.0985780239219136
2017-12-20,1.1063132772235877,1.1554247434118947,1.1011592810239386
2017-12-21,1.109068410515684,1.1606166607741364,1.104772262434532
2017-12-22,1.11099382684748,1.1616414649794897,1.1066031644271856
2017-12-26,1.1125681881690122,1.1628227596779257,1.1096119986889124
2017-12-27,1.114536651548735,1.1637122534260178,1.1104562758783296
2017-12-28,1.117982365586608,1.1686332242517758,1.1165025081967521
2017-12-29,1.1169705461292532,1.1658065086775824,1.1142976841858374
2018-01-02,1.1250660433077098,1.1821473407892498,1.1248025330735631
2018-01-03,1.1296100806205356,1.193084852717179,1.1305948254106077
2018-01-04,1.132753780410085,1.2016774702885646,1.1358367060214127
2018-01-05,1.136874509437528,1.2056861357247401,1.1389516640642838
2018-01-08,1.1378654172686338,1.206877396352048,1.1408744612067194
2018-01-09,1.1377126685619698,1.2035930368094938,1.1364939357985326
2018-01-10,1.1353464280662586,1.2051260713390757,1.136076211846651
2018-01-11,1.1429106130889912,1.2169451939097278,1.1455916998872104
2018-01-12,1.14883782829908,1.2236035766517688,1.1493486342788088
2018-01-16,1.1451976685343122,1.2204683151311195,1.1461420772041433
2018-01-17,1.1534193521523208,1.2373128284026618,1.1581842146862251
2018-01-18,1.1508495104321623,1.2349004406673838,1.153882140144599
2018-01-19,1.1553410861867908,1.2394155367656248,1.1565172655615388
2018-01-22,1.1620853195115208,1.2477018795675618,1.1616384164444122
2018-01-23,1.1660988747009693,1.249711283634107,1.163217899424439
2018-01-24,1.1678775334170286,1.2566525034323177,1.1677582119769072
2018-01-25,1.1665842543338651,1.249788735654561,1.1662526383017227
2018-01-26,1.175066545356526,1.2651319324150192,1.176938211051563
2018-01-29,1.1664108952747834,1.252166681626273,1.1666889220459125
2018-01-30,1.156631654681432,1.2358113976374756,1.155181935333549
2018-01-31,1.1578025221119665,1.2392756012641417,1.1581998891337035
2018-02-01,1.155561102761244,1.2423516191864785,1.1573444145576262
2018-02-02,1.1352935585206925,1.20950803902598,1.1322609839761362
2018-02-05,1.1039814711058977,1.166609105797964,1.099796345376571
2018-02-06,1.1177752380840469,1.1951080716702083,1.1167724870421853
2018-02-07,1.1087992527168258,1.1761473989271847,1.1051101771355036
2018-02-08,1.0819164069991314,1.1370184951813826,1.0746055650980617
2018-02-09,1.0907544390449762,1.153218207847125,1.088432070266376
2018-02-12,1.1016299303465786,1.171335425675744,1.1027659553713614
2018-02-13,1.1040762787899103,1.1763696101873073,1.106541815782305
2018-02-14,1.116946302281537,1.2001407758643337,1.1206557477439025
2018-02-15,1.1269345935971746,1.2102628996640121,1.130833265706177
2018-02-16,1.1277884658701183,1.212747566191617,1.1350420146009874
2018-02-20,1.1201842083504787,1.2100116534720347,1.1285693089625266
2018-02-21,1.1157306334141903,1.2034149517003732,1.1218248869342284
2018-02-22,1.1181131719306563,1.2070234688151895,1.1249279081443126
2018-02-23,1.131052804447833,1.2242784841957268,1.1402781555086485
2018-02-26,1.1388847729603446,1.2395575902357276,1.1516570249905091
2018-02-27,1.124559575197737,1.2239133618750018,1.139121620249349
2018-02-28,1.115325154877341,1.2091761670478944,1.1262031832534258
2018-03-01,1.1097489878465834,1.202588719544123,1.1214049311783736
2018-03-02,1.1138651799493735,1.2082386737703836,1.123952321383855
2018-03-05,1.1212520867867553,1.2185362189695397,1.1321485780245488
2018-03-06,1.1262156226119653,1.2281399943209699,1.1357992257991827
2018-03-07,1.125633642516143,1.225382968441743,1.1324314921652903
2018-03-08,1.1272181765763756,1.2208490625492197,1.1307766489024427
2018-03-09,1.1385507325225932,1.2388119160290691,1.142801814818782
2018-03-12,1.139578138834119,1.2427886998539317,1.1451257404887754
2018-03-13,1.1346120419051633,1.2325308924581493,1.1393137623146024
2018-03-14,1.132559482003691,1.2280483271412597,1.1364267731570747
2018-03-15,1.1300848151131446,1.2242439844874657,1.1340928148422194
2018-03-16,1.131118369574547,1.2284382163594207,1.1379741135297061
2018-03-19,1.1214997358684768,1.216314525613707,1.1262525721206391
2018-03-20,1.1230880169022852,1.2208293168727038,1.1272127333936401
2018-03-21,1.1266650290127882,1.2328606607920518,1.1345453690999787
2018-03-22,1.1070506429253182,1.1990390012719112,1.1101191712421357
2018-03-23,1.094196933946865,1.1850000569523087,1.097126016788341
2018-03-26,1.1133199275073808,1.2128737250192139,1.117780710998214
2018-03-27,1.1017925423369705,1.188970950764699,1.1047877953064835
2018-03-28,1.101260806096275,1.1826670242666042,1.1016710374519354
2018-03-29,1.1127703716930766,1.2000003247511608,1.1161969793390112
2018-04-02,1.0958687853606095,1.1772321754220532,1.112070556556376
2018-04-03,1.104407095496336,1.1848464182984004,1.113584830505604
2018-04-04,1.110797683398835,1.1905714807640493,1.1141307292857718
2018-04-05,1.1155612812137476,1.1899892197148556,1.1150611619764055
2018-04-06,1.1021600659086526,1.1715503528834883,1.1132174278332498
2018-04-09,1.106215024354849,1.1752232733997692,1.11387603208378
2018-04-10,1.1190209185458837,1.1982163918356297,1.1181116222613134
2018-04-11,1.1174176629496895,1.2022048563270908,1.1184399727759051
2018-04-12,1.1204184011178397,1.2090643152920013,1.1195172006834675
2018-04-13,1.11851753194089,1.202453731063544,1.1192207017948785
2018-04-16,1.1227271391111326,1.2007110942200412,1.1198457942200977
2018-04-17,1.1290669639724378,1.2067449345591776,1.1204896212222841
2018-04-18,1.1326850486411943,1.215180148213322,1.1216650407454387
2018-04-19,1.1262604164905978,1.208593102115685,1.1208758692699439
2018-04-20,1.1195019013830416,1.205476729479893,1.1190567744774216
2018-04-23,1.117498938131773,1.2032245155796304,1.1188317550387588
2018-04-24,1.1113322704980295,1.1972356980475287,1.1171568566428303
2018-04-25,1.1106296641565652,1.1938083512388633,1.1146168971259132
2018-04-26,1.1178079037732842,1.204156466975236,1.1169672192264444
2018-04-27,1.1203871932577438,1.2065098787589548,1.1183529005337873
2018-04-30,1.1149983348624133,1.1979640896035078,1.1174115348657843
2018-05-01,1.1145412899648137,1.1968952074894055,1.1153726826669519
2018-05-02,1.110841422044774,1.1931297353197237,1.115218936063212
2018-05-03,1.1104572939156674,1.1943151569923147,1.1180029868642876
2018-05-04,1.1179403099708596,1.2037452358128573,1.1187601348182097
2018-05-07,1.1187694465223539,1.2058772277612326,1.1197464663395924
2018-05-08,1.1189230385838609,1.203665000729597,1.1168679887179358
2018-05-09,1.1241295837606555,1.213886882700151,1.1184517098216056
2018-05-10,1.1330546265246566,1.224106993233912,1.1217202356105735
2018-05-11,1.1334925094235209,1.2249618685263044,1.1228711799066713
2018-05-14,1.13370651195594,1.2295678211820742,1.1229936028776895
2018-05-15,1.1254390181654532,1.2225224420135046,1.118734583992053
2018-05-16,1.1297193148456888,1.2289284960448934,1.118514266185069
2018-05-17,1.1282026002755465,1.2243229478661164,1.118121315386687
2018-05-18,1.1260325482606788,1.2168712753028192,1.1180152419820457
2018-05-21,1.1319905747127519,1.2231450502372374,1.1205145865973534
2018-05-22,1.1309823216351116,1.2287051590758444,1.120742457192226
2018-05-23,1.1316943947361255,1.2260696360859482,1.1209946231903094
2018-05-24,1.130046885224905,1.2189710545226111,1.119136448925391
2018-05-25,1.1277515743894575,1.2106040685388721,1.116555886551421
2018-05-29,1.1180053204508629,1.1923182859090335,1.1145000536516039
2018-05-30,1.1293693769896593,1.209186281341681,1.1189983012900768
2018-05-31,1.123931737941537,1.2053190769885078,1.1174665558283619
2018-06-01,1.1296030729956688,1.2099206510831801,1.1164054530089844
2018-06-04,1.1322245616236264,1.2104274585854489,1.1153634257813583
2018-06-05,1.1322543626877952,1.2057692012211008,1.115060290951992
2018-06-06,1.1391518094275455,1.2138824334770018,1.1176281028282748
2018-06-07,1.1374491020665993,1.2076339628486135,1.120146375783022
2018-06-08,1.1393227479811887,1.2107362350313473,1.1197173000875134
2018-06-11,1.1405588400258657,1.208655203792309,1.1208652094949125
2018-06-12,1.1408712680922029,1.2090997285932503,1.1197390447168043
2018-06-13,1.1368126261627434,1.2075466287439482,1.1191036455262062
2018-06-14,1.136790898419996,1.2005660005458776,1.1191738911043045
2018-06-15,1.1330325072427674,1.1917910492459363,1.116329862698804
2018-06-18,1.1299756380849684,1.1902121037652438,1.115798519248336
2018-06-19,1.125453587465826,1.1886957735652748,1.1141599715180448
2018-06-20,1.1280467473036193,1.1908628452592458,1.1129671485465065
2018-06-21,1.1219449629535778,1.1788482552396955,1.1111831176447862
2018-06-22,1.1276100682511245,1.1855086458383726,1.114348368358471
2018-06-25,1.1157717521397468,1.1727788698455799,1.1118061030526978
2018-06-26,1.1177433576422058,1.1755876219030097,1.112963255454406
2018-06-27,1.109280930781672,1.160786140816029,1.1119174873000053
2018-06-28,1.113519970113464,1.1674763032681537,1.1123650629826283
2018-06-29,1.1182495462694795,1.1733165568705701,1.1138818226798508
2018-07-02,1.1143117589399394,1.1766758830914261,1.1165435515643245
2018-07-03,1.115746997450117,1.171554460177707,1.1146376307758443
2018-07-05,1.1229488766788005,1.1851793409831495,1.1219769215457747
2018-07-06,1.1306432230239476,1.1957270835013287,1.1273376856209438
2018-07-09,1.1369542319555621,1.2064720372400979,1.1293306404571766
2018-07-10,1.1375783920418086,1.2072135456397808,1.129937790111641
2018-07-11,1.1255384747022235,1.1886022350986811,1.1241985367586196
2018-07-12,1.1318954422222487,1.1934413357467772,1.1254374620288763
2018-07-13,1.1322978124048522,1.1906396250688813,1.1243489105923754
2018-07-16,1.1290004543917402,1.1860720104673055,1.124943416556541
2018-07-17,1.1321617494012801,1.1926190767960863,1.126220211231543
2018-07-18,1.1332647013232178,1.1996629504995855,1.1287629685736937
2018-07-19,1.131918517411453,1.1985912484312744,1.1293673235343182
2018-07-20,1.1340501391652937,1.200639629724663,1.1300953661026247
2018-07-23,1.1328676863827314,1.2043933070325854,1.1306851085424925
2018-07-24,1.1351344590773569,1.1982764809557847,1.1302752567405092
2018-07-25,1.143939330987448,1.2020457013402193,1.1324226950295013
2018-07-26,1.1421265457675545,1.2057875767821247,1.1341396211966406
2018-07-27,1.138878969195033,1.1973917954196196,1.1321071060842298
2018-07-30,1.1372524930781986,1.1925276224147674,1.1302405181562614
2018-07-31,1.1419262029454202,1.1953250111656215,1.1330197389051617
2018-08-01,1.1374287060169272,1.1947202622033246,1.1326875047219709
2018-08-02,1.1375604333922447,1.2034362673135197,1.1359557274207028
2018-08-03,1.1414482420120506,1.2007593561854324,1.137145838137648
2018-08-06,1.141457571518383,1.203847521842193,1.1382494895654813
2018-08-07,1.1454205901247465,1.2095394964898771,1.1399275176111505
2018-08-08,1.1439048243552479,1.2065716486010472,1.1390293741186488
2018-08-09,1.1419067627753963,1.2010441129019171,1.136608307493334
2018-08-10,1.1313471123756906,1.1907086945142447,1.1304244070446836
2018-08-13,1.124547357473037,1.187455590482623,1.1287379819099796
2018-08-14,1.1302073849136816,1.1924953899192687,1.1317130606161723
2018-08-15,1.118854919776764,1.1760432966629044,1.1260248241055573
2018-08-16,1.1256850261637408,1.1849506785916768,1.1320673436848572
2018-08-17,1.1313109903610903,1.1874847979640957,1.13464784627593
2018-08-20,1.1344870200975252,1.1878808035943926,1.1351098968074684
2018-08-21,1.1391545737275828,1.2019369020348607,1.1405714437042251
2018-08-22,1.1414427517470422,1.209138661593105,1.1416997351131892
2018-08-23,1.1362330825189557,1.206162773478015,1.1396897136293311
2018-08-24,1.143303044108822,1.2133243139731915,1.1431645496162341
2018-08-27,1.1498844493275593,1.2238186328312555,1.1462698804464178
2018-08-28,1.1485167021121816,1.225213816072396,1.1461629299645548
2018-08-29,1.1529589746505433,1.2313269791225592,1.1482537970285485
2018-08-30,1.1450838518433852,1.2263490004396458,1.1454508584692582
2018-08-31,1.145724659283587,1.2283493761104962,1.1455768584327903
2018-09-04,1.1392490447733976,1.2305141166687341,1.1465987997162461
2018-09-05,1.136206722107399,1.2272101959876884,1.1473560355150316
2018-09-06,1.1336869139797412,1.2124290620441833,1.1429985500587345
2018-09-07,1.129703665421183,1.2097008877940103,1.1396542355322956
2018-09-10,1.131478841447597,1.2143759284030584,1.142574586453202
2018-09-11,1.1327652283936576,1.216395466307605,1.1427863300219439
2018-09-12,1.1351598667680427,1.2081956517920416,1.1393617624067385
2018-09-13,1.1395909452825574,1.2091742793059381,1.1412318725863984
2018-09-14,1.1391150906558793,1.2141331852817694,1.1430511541472403
2018-09-17,1.1359152675511115,1.203623686590015,1.13944462539524
2018-09-18,1.1406281670670304,1.2092474275748086,1.1403349324837546
2018-09-19,1.1429584235266113,1.2126998259556157,1.1396815324215057
2018-09-20,1.1508878309964032,1.224257440832094,1.1459593529844847
2018-09-21,1.1507873055817555,1.2187746643307245,1.1443902080971564
2018-09-24,1.1464015594826251,1.220815127893547,1.141342240902101
2018-09-25,1.1471113790468064,1.2185107827659887,1.1390576584895291
2018-09-26,1.143931814664467,1.2066217261275325,1.1325371241670903
2018-09-27,1.1447371423551176,1.2067088393325853,1.1329157683527793
2018-09-28,1.143845213084972,1.208838480984572,1.133860756061772
2018-10-01,1.1450138441950497,1.2143650802329955,1.1387116407369204
2018-10-02,1.1425737380436911,1.21065064869383,1.1373818649201186
2018-10-03,1.141576172290681,1.2173376390795758,1.1405659748465726
2018-10-04,1.1303594837236965,1.2021143498857054,1.1302210135956732
2018-10-05,1.1250419724522795,1.1896624812067067,1.1225385712663583
2018-10-08,1.125016688034747,1.1858003507815107,1.1223152656226343
2018-10-09,1.1239668928781776,1.1868131648084748,1.1221653294757346
2018-10-10,1.1011582669305635,1.1439701854344122,1.0905001575798463
2018-10-11,1.0880123299879216,1.1216106915375454,1.0694622725908056
2018-10-12,1.0961858362155354,1.1384563423632743,1.0807960658438698
2018-10-15,1.0952510477941646,1.1311126041383026,1.0773126400414423
2018-10-16,1.111906673478354,1.1559586928375793,1.0968840523297816
2018-10-17,1.1074517939069253,1.1528522083008013,1.095196902556242
2018-10-18,1.0939935724122962,1.1313015859677085,1.0805340644030925
2018-10-19,1.0943745730615493,1.1261565493011265,1.078543956222973
2018-10-22,1.0911859210637738,1.1243923286281685,1.0760269822359376
2018-10-23,1.0853247098584906,1.1143442713795617,1.0670661383649265
2018-10-24,1.0630985767933343,1.0736383573360082,1.041402539541318
2018-10-25,1.0752232894348517,1.1004059353039768,1.0592641529463867
2018-10-26,1.0668645171108408,1.083696153342167,1.0465078452295207
2018-10-29,1.0620636184788095,1.0742543720563626,1.0413634122299256
2018-10-30,1.0737533231000156,1.0903128357147243,1.0540739423182992
2018-10-31,1.0780588452800284,1.1041477265265185,1.0627448619252295
2018-11-01,1.092394687648236,1.1174532989743626,1.0701123879003638
2018-11-02,1.0908615567554945,1.1097413879275375,1.0656272361394779
2018-11-05,1.095351580900644,1.1110423909887184,1.0698153754230268
2018-11-06,1.0980221156553074,1.11682017446506,1.075405122745703
2018-11-07,1.111308696331932,1.1387726487749783,1.0929326273820106
2018-11-08,1.1038828007121708,1.1354425504706747,1.091033937214764
2018-11-09,1.095956963355296,1.1207215170798155,1.0826434123563191
2018-11-12,1.0827293062660992,1.0930287472737974,1.0640327842708288
2018-11-13,1.0832547925033962,1.0880350519121966,1.0594560017790124
2018-11-14,1.083002660664208,1.0814804506267903,1.0528606165243537
2018-11-15,1.0892682014917239,1.0974647890282305,1.0623661437955467
2018-11-16,1.0934645157903713,1.0959839033696606,1.0642116715893157
2018-11-19,1.0836138800434854,1.0712927952533484,1.0481735040486235
2018-11-20,1.0668599933145284,1.0472440704268564,1.0272718497781972
2018-11-21,1.0745006732880034,1.0538309371749042,1.0313533293304182
2018-11-23,1.0680718061235046,1.0415002442917995,1.0224339008347412
2018-11-26,1.0777404181663863,1.0620063410738119,1.0371378802279472
2018-11-27,1.07746138142657,1.063588569230653,1.038794250027197
2018-11-28,1.0939199557714505,1.0862878949987353,1.0575181613960083
2018-11-29,1.0920161147919467,1.0832174029161086,1.0562564093098765
2018-11-30,1.0947829972598795,1.091145118650175,1.06228455639928
2018-12-03,1.1064203565299608,1.1112135609341747,1.0753672596053159
2018-12-04,1.0843403696149583,1.0718732439226946,1.0465637167161834
2018-12-06,1.0811133903247032,1.068775716353794,1.044211724735912
2018-12-07,1.0685822001971435,1.045007164325423,1.0266519234672529
2018-12-10,1.0638839381736551,1.0448821215598476,1.0261052625995524
2018-12-11,1.0650413195906188,1.045749559003783,1.0263120829277688
2018-12-12,1.0711327914037543,1.0536439564088378,1.0308104182869882
2018-12-13,1.069994605054755,1.0531206725864375,1.0310439691467173
2018-12-14,1.0572448068644404,1.0317304189806726,1.0136687275805727
2018-12-17,1.0431474624592745,1.0115095812215646,0.9929727992275883
2018-12-18,1.0438320518829725,1.0094412205546817,0.9910063809531708
2018-12-19,1.0326816088441144,0.9905534848922294,0.9777772040193315
2018-12-20,1.0247349811663007,0.9724508379155793,0.9592217795163618
2018-12-21,1.0112822151274394,0.9525400234788354,0.9444458619888597
2018-12-24,0.9959116403283496,0.9287370541991452,0.9221746448188971
2018-12-26,1.0242376804770457,0.9814537820728265,0.9654327370676324
2018-12-27,1.027538239390601,0.9836717666473256,0.9700547905449686
2018-12-28,1.0291841692289103,0.9831164761649603,0.9690398147946604
2018-12-31,1.0333098052574246,0.9938841381600729,0.9769667065781864
2019-01-02,1.033974689818525,0.9944740131460335,0.9767983732522746
2019-01-03,1.0232893637655864,0.9950164534137637,0.9783517355247762
2019-01-04,1.0478642479679166,1.0021713558301373,0.9792676286118078
2019-01-07,1.0541977571966408,1.0022075766474656,0.9790047308803419
2019-01-08,1.0616230788367855,1.004894292681575,0.9792357728805174
2019-01-09,1.069895428070275,1.0091768281962952,0.9811054589459164
2019-01-10,1.0733589443626903,1.0086093295424212,0.9813847222436838
2019-01-11,1.072647570916922,1.0089203348876483,0.9820427298229483
2019-01-14,1.0682842919302102,1.0047018948713482,0.9809587144749603
2019-01-15,1.0738880223774936,1.0071975135462379,0.9819628773177919
2019-01-16,1.0780354877273752,1.0108081009104393,0.9835047613984931
2019-01-17,1.0832839003007533,1.0122495065021055,0.9834192438602319
2019-01-18,1.0923401692509211,1.0106538128027165,0.9831296242163742
2019-01-22,1.0805685143831958,1.0094177908805837,0.982990125350618
2019-01-23,1.0827158382504782,1.0130700378628699,0.984534027203482
2019-01-24,1.0867296620647884,1.0152328219008564,0.9858354513099333
2019-01-25,1.0955018769103346,1.0195776788103095,0.9871866519833028
2019-01-28,1.0898091932541378,1.0162969788106975,0.9866436682827596
2019-01-29,1.0917045357492456,1.0203072148230719,0.9884971160129075
2019-01-30,1.1035488591104368,1.0279825498920123,0.9916874742525684
2019-01-31,1.108739305456939,1.0360709523866334,0.9952676423292293
2019-02-01,1.1080746737711051,1.0321596082384978,0.9928249537760601
2019-02-04,1.1118481132184195,1.031882271860647,0.9927094713329542
2019-02-05,1.116331213383282,1.035119944735596,0.9946204967592605
2019-02-06,1.113420455372076,1.0304109690994565,0.9935241142491109
2019-02-07,1.1059018901355433,1.0321351403243268,0.9939856244466238
2019-02-08,1.1053094327861663,1.0352262333815867,0.9956561588217082
2019-02-11,1.105529543075968,1.0321771157037007,0.9947151405767154
2019-02-12,1.1149765486562113,1.0361685912903835,0.9953665574175256
2019-02-13,1.1153316073292945,1.0338496760086977,0.9946074432618791
2019-02-14,1.1156060847551612,1.0379020748955432,0.9964720833789054
2019-02-15,1.1248752356891984,1.0409962328850917,0.9968624295299553
2019-02-19,1.1281617885203428,1.047759481198997,0.9997836456271231
2019-02-20,1.1308106248796013,1.0478949777917714,1.0002708500397486
2019-02-21,1.127631743168281,1.0427310965111873,0.9985579893792113
2019-02-22,1.1339922203789472,1.0491407891331817,1.001254426807658
2019-02-25,1.1349980745841548,1.04799598817549,1.0010402165883918
2019-02-26,1.134125897070369,1.0485384462861074,1.0017788657037492
2019-02-27,1.1324311812735286,1.0432715941429334,0.9999197947273596
2019-02-28,1.1293297645424238,1.0400338661086161,0.9987426634638576
2019-03-01,1.1315067522552003,1.0328621666621143,0.9965089397181006
2019-03-04,1.1296211191796992,1.0323725235208905,0.9968310467192294
2019-03-05,1.1307522271771926,1.0347717987258886,0.9974797332070223
2019-03-06,1.1237707938818144,1.032368939945823,0.9976245515212537
2019-03-07,1.1155055195008885,1.0307722668979964,0.9979326785120127
2019-03-08,1.1144248283581257,1.035086817088098,0.9989924775150792
2019-03-11,1.1253937293334824,1.0401107831407006,1.0004142224045065
2019-03-12,1.1291654376847968,1.0460234537816695,1.0025377909594335
2019-03-13,1.1344645959698705,1.0495492971232836,1.0031997285682854
2019-03-14,1.1326585249501122,1.0431143818720767,1.0013780062924076
2019-03-15,1.1387335629223465,1.0483818751639877,1.003602087620792
2019-03-18,1.1433892962516294,1.0502056826693789,1.0040642848089094
2019-03-19,1.1425450052201036,1.0499619195265921,1.0040567963214135
2019-03-20,1.1419911569501668,1.0531032816489427,1.0065899956770459
2019-03-21,1.1482246176075448,1.0534548108945196,1.0069028984285853
2019-03-22,1.1292437601333245,1.0509726485931126,1.0083139749741887
2019-03-25,1.1311823557957579,1.0549477143036339,1.0102437631701218
2019-03-26,1.1372914185273328,1.0564919589744168,1.0106905712429384
2019-03-27,1.1331836667879374,1.051844790035845,1.0105632642506472
2019-03-28,1.135944074927264,1.0503534811044202,1.0097782352788076
2019-03-29,1.140654745688626,1.0541115630559903,1.0105952924204171
2019-04-01,1.15081332197489,1.0576064078533485,1.0106074784846015
2019-04-02,1.1506920868058321,1.0599073635113607,1.0111986918149938
2019-04-03,1.1539122184342854,1.0592519986246673,1.0100434794360884
2019-04-04,1.1566838852711119,1.0592707821956575,1.0103688536733488
2019-04-05,1.1618029771291196,1.0654506221097895,1.0129666171284917
2019-04-08,1.1620815540236755,1.0643043887713535,1.012522668659677
2019-04-09,1.1567791412098638,1.0622426442166313,1.0121738759774084
2019-04-10,1.161950243410127,1.0662796960924648,1.0147743985703106
2019-04-11,1.1592053384180818,1.0629912946394247,1.013298569194962
2019-04-12,1.164477561565707,1.0663550129952883,1.0142810723124724
2019-04-15,1.1623147653827552,1.065669044004699,1.0145278791358634
2019-04-16,1.1630042779625942,1.0629447254672963,1.0122643061854546
2019-04-17,1.1614085108485543,1.0606998013718991,1.0105254180969963
2019-04-18,1.161847316862094,1.0636364517163075,1.0123495832674365
2019-04-22,1.1602261634361795,1.0647581957711083,1.0127220270963704
2019-04-23,1.1660603445441415,1.071796359192272,1.016336932108623
2019-04-24,1.1631916178930564,1.0737718175377693,1.018434073858725
2019-04-25,1.1604062735488936,1.0743711555131548,1.0184236831012479
2019-04-26,1.1645052887241263,1.0743610913683885,1.0198254639746978
2019-04-29,1.1649060011268801,1.0723803171836694,1.0184303512720945
2019-04-30,1.1666656254857277,1.0781513048859732,1.0220254674973939
2019-05-01,1.1599307776436254,1.0736567986176009,1.0194559237247682
2019-05-02,1.1580838950524321,1.070768844371061,1.0170903361121093
2019-05-03,1.1678904484374901,1.07793004493372,1.0202857884175542
2019-05-06,1.1619755790951214,1.0746362678792465,1.0212554309195312
2019-05-07,1.1472881166954445,1.063611282167912,1.0163055987533376
2019-05-08,1.145723422281983,1.0611350605365282,1.0155085337046545
2019-05-09,1.1413441538630855,1.0585587452265466,1.0158675464857643
2019-05-10,1.1463490462848505,1.065325422995223,1.0190401353342344
2019-05-13,1.1263937546224323,1.0537443380241136,1.01550975863961
2019-05-14,1.135787582451541,1.0595156733570612,1.0178034947746335
2019-05-15,1.1392424900764513,1.0659724561652824,1.020986644964587
2019-05-16,1.1445188980876124,1.0719104995060236,1.0238332796920118
2019-05-17,1.1367418552485138,1.0684810250039407,1.023216654836865
2019-05-20,1.1328089254281937,1.0640517024016622,1.0215270835896468
2019-05-21,1.1403477500864445,1.0684455553241134,1.023216130827329
2019-05-22,1.1353142438142323,1.068507014349716,1.023505543610545
2019-05-23,1.1249577874566565,1.0618153623858821,1.0211127162660907
2019-05-24,1.1299483039780451,1.0643329045634935,1.0229484215124867
2019-05-28,1.1243983932735746,1.061478881911151,1.0214822348081034
2019-05-29,1.1205141667010832,1.0571112990340377,1.0191470262582452
2019-05-30,1.122457719692239,1.0558417392841863,1.0202411862670235
2019-05-31,1.1142625849187804,1.0482366040760553,1.0175502920824524
2019-06-03,1.1182850614379922,1.0471928620345592,1.0189300465690696
2019-06-04,1.1323162924324595,1.0572816018254472,1.0235405973710738
2019-06-05,1.1330295650854247,1.0629499252025945,1.0269167603608151
2019-06-06,1.137652310144444,1.0716637663677435,1.030466154779297
2019-06-07,1.1454144342523342,1.0806519262778418,1.0354638738311979
2019-06-10,1.1483511614464919,1.0799067709631478,1.0335098460739156
2019-06-11,1.1507680891847494,1.079304632469866,1.0327236938853195
2019-06-12,1.146453630716716,1.0743550191004074,1.0317866468042027
2019-06-13,1.1511734631378945,1.079800438499006,1.034840971120529
2019-06-14,1.1474360690335925,1.0813467020605165,1.035956018395655
2019-06-17,1.1481523989099045,1.0801772241206289,1.0345785023937728
2019-06-18,1.1601739298000728,1.0904396329251613,1.039190045880485
2019-06-19,1.1643861272025322,1.0962509587692706,1.042746077289058
2019-06-20,1.174603340074019,1.1076922313141144,1.0484162729656277
2019-06-21,1.1712470428587338,1.1038958067952656,1.0461861575623919
2019-06-24,1.1704966533124437,1.104969374564335,1.0470180281877017
2019-06-25,1.163926143551828,1.0986716448944627,1.0447902690811777
2019-06-26,1.1643776829123622,1.09525311960545,1.041490456821973
2019-06-27,1.1701757503834709,1.1002068762368797,1.0443575074364213
2019-06-28,1.1738965419681784,1.0995231906544658,1.0447212781413437
2019-07-01,1.1791449071798366,1.1062352789512542,1.0467773902511277
2019-07-02,1.1796189829884738,1.1065240061222612,1.0481666082292638
2019-07-03,1.1868458757474727,1.1159717925224926,1.0519578726404577
2019-07-05,1.1838539248338855,1.1162946997562977,1.0499973913604566
2019-07-08,1.1786502560542336,1.115517985371952,1.0493478768767457
2019-07-09,1.1781319862732265,1.1182843745553155,1.0498385111549857
2019-07-10,1.1837249168207549,1.1273877949622844,1.0533043723319289
2019-07-11,1.182820856527083,1.1251213917464384,1.0521149403632866
2019-07-12,1.1871525408687018,1.1259416520218049,1.0538658968721613
2019-07-15,1.1863628277575475,1.1266372346631472,1.0546679523763358
2019-07-16,1.1827256273091014,1.1204322369108615,1.05238904591792
2019-07-17,1.179220875121275,1.1181725106514129,1.0522511820366687
2019-07-18,1.182961078935624,1.1220048538254817,1.0540242631867058
2019-07-19,1.1784461558050279,1.1149180777749448,1.0511369934079158
2019-07-22,1.1789728159598611,1.1174337851007707,1.0521465378718537
2019-07-23,1.1841641642727916,1.118021081913773,1.0528567229601544
2019-07-24,1.1886847952195576,1.1195187268540356,1.0535799563776882
2019-07-25,1.1814473106343977,1.11464350368646,1.0520103892260126
2019-07-26,1.1849094478488944,1.1195989950996432,1.053894824002014
2019-07-29,1.1844812542840197,1.1208514934587928,1.0541416283015175
2019-07-30,1.1827349911410108,1.1186510942412937,1.053418310719105
2019-07-31,1.1738178795377185,1.110340643046842,1.0504345325676006
2019-08-01,1.164037656003464,1.104355653001685,1.0512375697425753
2019-08-02,1.158627209560687,1.1019804326958025,1.0502816390337444
2019-08-05,1.1354015804735202,1.0788075879182504,1.0448314801336778
2019-08-06,1.144505459113079,1.0914055182087337,1.049959333873825
2019-08-07,1.1465460272208543,1.0912666538527611,1.0504426890150362
2019-08-08,1.1608592159904036,1.106227111021711,1.0559523029928002
2019-08-09,1.1546280969796863,1.103227489956383,1.054287002847769
2019-08-12,1.1446293526506643,1.0962149683612277,1.0534015351041164
2019-08-13,1.1548456420289182,1.1102084522389053,1.0571035572508152
2019-08-14,1.1312430969391276,1.0885590530082339,1.0506726764240863
2019-08-15,1.1339939503218195,1.0915253946776768,1.0536593759156394
2019-08-16,1.1461240848181717,1.1007767638625188,1.0564888716507448
2019-08-19,1.1530565942718438,1.1055065758428564,1.0578952488849762
2019-08-20,1.1493782044817855,1.1043439614719242,1.058632278214838
2019-08-21,1.1557596922859428,1.114257928323708,1.0614848422606498
2019-08-22,1.1529639343735139,1.1097425551655238,1.0601274655894002
2019-08-23,1.1365127026545783,1.0930139741190323,1.0553633313431983
2019-08-26,1.1438662800859996,1.0975506974525158,1.057388190177955
2019-08-27,1.142031704760298,1.1006718000242943,1.0590591925946755
2019-08-28,1.147696770935289,1.1062903773182176,1.061860724003533
2019-08-29,1.1574329660068168,1.1174494128326407,1.0649409211485872
2019-08-30,1.1581588111565682,1.1158316709938068,1.0637148877914147
2019-09-03,1.1533072575771617,1.1118293892146283,1.0632314976655455
2019-09-04,1.16663241375322,1.1280540757125213,1.0688070066515745
2019-09-05,1.1737500836311792,1.1313015657604697,1.0684903235598309
2019-09-06,1.174771109196949,1.1349816006652236,1.0698470204035282
2019-09-09,1.178256063536211,1.13027741976321,1.0665445859821545
2019-09-10,1.1797091965739595,1.1225764061675652,1.0615536478268113
2019-09-11,1.1858974233457593,1.1257542933589586,1.0613275141673164
2019-09-12,1.188254240550845,1.125897602021434,1.0611134861761777
2019-09-13,1.1878282738303634,1.1189462889935755,1.0569971364952924
2019-09-16,1.1907920137652528,1.1326723395966756,1.0609391231258398
2019-09-17,1.1908053379453645,1.1335035560473743,1.0624879606079545
2019-09-18,1.1886987913823188,1.132589077457956,1.0626121055802122
2019-09-19,1.1877668250207856,1.1333105918856794,1.0635454758847995
2019-09-20,1.1869900282099308,1.132889924067894,1.0641393803048615
2019-09-23,1.188022531333494,1.1325937235370582,1.064995166046626
2019-09-24,1.1813655335455309,1.1287656546358151,1.0644862322874942
2019-09-25,1.182428544143334,1.1298329848942381,1.0632465844920045
2019-09-26,1.1816268214898489,1.1329541932755687,1.064236478832708
2019-09-27,1.1766152817862587,1.127744352955884,1.0627987875027614
2019-09-30,1.1787469531063592,1.1285913126538953,1.0640674777047865
2019-10-01,1.168469830563352,1.122510994627838,1.0617849779192812
2019-10-02,1.1557814993715656,1.111713939367853,1.0564578459292642
2019-10-03,1.1633777618850072,1.1207794591493097,1.0602656703622015
2019-10-04,1.1727127179954924,1.133547641685405,1.0660406859902931
2019-10-07,1.1678122655941414,1.1275341807276564,1.0630843074045995
2019-10-08,1.1571354356673154,1.1170618570926898,1.0591529159305604
2019-10-09,1.1632197210971056,1.122425511606626,1.0610681021479729
2019-10-10,1.168058842460815,1.1221951975084345,1.0606548621207694
2019-10-11,1.1797616329741791,1.1239590023307928,1.0605693667182314
2019-10-14,1.1777621154365567,1.12408126696334,1.0604253210578087
2019-10-15,1.184523545764266,1.125517412644443,1.0602547416009536
2019-10-16,1.184856762395873,1.1247826903074765,1.0614314982813102
2019-10-17,1.1891601665260836,1.12591596028681,1.0622672392805446
2019-10-18,1.1878748167181408,1.12485940504491,1.062669778135486
2019-10-21,1.1929034219992496,1.1280631463571598,1.0628325322998995
2019-10-22,1.1927573720338742,1.1252123734953243,1.062718652627663
2019-10-23,1.195653776827019,1.1246075627817804,1.0631805241646874
2019-10-24,1.1972376356612968,1.1284437524351532,1.063801412970569
2019-10-25,1.2003351324539429,1.1269365331474042,1.0616285891247412
2019-10-28,1.203577977014495,1.124795570797451,1.0592655059100318
2019-10-29,1.203123593105877,1.1236095608444676,1.059057666216144
2019-10-30,1.2051002549886214,1.1320445382953463,1.0631032242060543
2019-10-31,1.201881418292311,1.1342203996750995,1.0647050794828703
2019-11-01,1.2127398618072427,1.1374662849856707,1.0658508865194083
2019-11-04,1.2175423256452713,1.1323687312168313,1.0625854349379447
2019-11-05,1.2162009534984493,1.1255637040234874,1.0592859004607713
2019-11-06,1.2149798762440402,1.1286917283087459,1.0612975529451605
2019-11-07,1.2156712266392462,1.1216283801317166,1.056402277924658
2019-11-08,1.214950771979916,1.1209169934495813,1.0556719682441686
2019-11-11,1.2119085561616683,1.1195650170442737,1.054547620474935
2019-11-12,1.2113457457057506,1.1207274937245186,1.0553515157274171
2019-11-13,1.2103852110373694,1.126931300663221,1.0584351640532041
2019-11-14,1.2112206106838033,1.1317394851565876,1.0610647291552806
2019-11-15,1.2169703997932504,1.1354361233887063,1.0622958006159844
2019-11-18,1.2162778007911843,1.1375922902928313,1.0633849308592787
2019-11-19,1.2156213033093253,1.1382536137465702,1.062333966835946
2019-11-20,1.2137181854279775,1.1395816955740399,1.0638291755742937
2019-11-21,1.2117803416613957,1.1327601152651583,1.0615207438813845
2019-11-22,1.213744835648021,1.1336594853748097,1.0627606421131552
2019-11-25,1.2212121455091078,1.139070732989449,1.0642363656703124
2019-11-26,1.222963541678918,1.14536855107792,1.067542296037076
2019-11-27,1.225324488087197,1.1483129422376772,1.068627878043811
2019-11-29,1.2183844409291444,1.1439344724436882,1.0668180504488012
2019-12-02,1.2117186596308338,1.1315707796104097,1.062216417092868
2019-12-03,1.2089463197024903,1.1341341581284987,1.0641266110780905
2019-12-04,1.215835948025678,1.1373154985149792,1.0654984018731766
2019-12-05,1.2168381247062092,1.1377682879112276,1.0656543999218244
2019-12-06,1.2233286675423185,1.1405401700161604,1.066504985080563
2019-12-09,1.2207260395547328,1.1396494972867421,1.0664155561053488
2019-12-10,1.2209763661985449,1.1387869659029033,1.0658982631423144
2019-12-11,1.2247944925879166,1.1428657068020387,1.0678164074190248
2019-12-12,1.2331260280893754,1.141508046793971,1.0666300800938302
2019-12-13,1.2342085889879546,1.147352496481602,1.0701179237246998
2019-12-16,1.2413364600245258,1.1507828598837515,1.0716324553860554
2019-12-17,1.2426237620409117,1.1502167092900157,1.0727639805181712
2019-12-18,1.2433204668380136,1.149388271623559,1.0727014924096983
2019-12-19,1.2459186613815714,1.1539533498231773,1.0741192362287304
2019-12-20,1.2490755483445721,1.1590000529129765,1.075810269921481
2019-12-23,1.2496703405728509,1.156126656219963,1.0738437675057955
2019-12-24,1.2509051061326164,1.1582926526922364,1.0753004828229087
2019-12-26,1.2559607319824118,1.1630363010032507,1.07781980360001
2019-12-27,1.256419766360178,1.1647062264281052,1.0792509288590781
2019-12-30,1.2518620074313374,1.1606956116491658,1.0777792816323364
2019-12-31,1.2540717059474518,1.1608936592841101,1.0779381022692538
2020-01-02,1.2619997661941331,1.1716461664222906,1.081875534448559
2020-01-03,1.2562615768272798,1.1672404114338126,1.0813748858270797
2020-01-06,1.2571236204644565,1.1673172869715627,1.0826469098722262
2020-01-07,1.2549843174863164,1.1698946427180001,1.0824699262850939
2020-01-08,1.2561667373174958,1.1720679025964997,1.0840694606683556
2020-01-09,1.2599029447919843,1.1778508949413968,1.0880929155297945
2020-01-10,1.2591681167488724,1.1767975542160565,1.088322458425974
2020-01-13,1.2650782845481054,1.185120749613593,1.0927901018326445
2020-01-14,1.2656199007339097,1.1845959813337186,1.0922871714540416
2020-01-15,1.2658582531019535,1.185940264430867,1.0956865586985818
2020-01-16,1.2723200666159944,1.1958493866011717,1.101277196199912
2020-01-17,1.2745097851319767,1.2015688813438639,1.105049899150649
2020-01-21,1.2677212786988221,1.2030876348670514,1.1071445400412023
2020-01-22,1.2676101496904388,1.207466857266271,1.1092679023391443
2020-01-23,1.2668593150261624,1.2137162938505268,1.1133609208572428
2020-01-24,1.2589062283579155,1.2094965300251588,1.1118152121584441
2020-01-27,1.2416902975326654,1.1909333709027918,1.1038758347711128
2020-01-28,1.2497603471326808,1.2034545811338355,1.1099439489205343
2020-01-29,1.24849982839431,1.2004557492261962,1.110049188894043
2020-01-30,1.2479243290138105,1.2049420165510891,1.1144604080703535
2020-01-31,1.2316887238113703,1.186093305779976,1.106006665652288
2020-02-03,1.2353081585304897,1.1951453791644366,1.1105064902965986
2020-02-04,1.2489129869852713,1.2084313970943552,1.1155913426397437
2020-02-05,1.2597425061974217,1.2172838694090742,1.1196762148663217
2020-02-06,1.2609728825072628,1.220918816604621,1.1220942381145365
2020-02-07,1.2534739165282491,1.2123192548458377,1.119160890041907
2020-02-10,1.2570587451042228,1.222469256216533,1.1250407199517716
2020-02-11,1.2626486020514136,1.2282700785660803,1.1264389650067772
2020-02-12,1.2701236068064417,1.2355610160483317,1.1293759279520852
2020-02-13,1.2680988717431436,1.2387542342318125,1.1320282560901977
2020-02-14,1.2690663753814138,1.2424513761183773,1.135533753648956
2020-02-18,1.2674374416888132,1.2410347991732482,1.1365152003281898
2020-02-19,1.272354043043022,1.2501602949414594,1.1389631084681144
2020-02-20,1.268910783006584,1.24342095139986,1.1368615452532596
2020-02-21,1.2626487282633356,1.2304215113553776,1.131819857391958
2020-02-24,1.2313597595942256,1.1987427309053689,1.1160217388630767
2020-02-25,1.2065919399390654,1.170050555746768,1.0988487566226295
2020-02-26,1.201164964006645,1.1691045200376677,1.097569105955583
2020-02-27,1.1662774428655942,1.1241380497487556,1.0683353051872264
2020-02-28,1.1565434919820927,1.1176183016792771,1.060009067777961
2020-03-02,1.1855245523168898,1.1625626108979064,1.0910869048704357
2020-03-03,1.1734218456437544,1.1416615715110905,1.0813766220519432
2020-03-04,1.2014956860607378,1.1849875173718578,1.109576991227756
2020-03-05,1.1754160891105851,1.1609673432562828,1.095431191185965
2020-03-06,1.1576905204397745,1.1482000152449865,1.0865498963415845
2020-03-09,1.0782266823110154,1.0800210690574557,1.0433428667671942
2020-03-10,1.1129115943669188,1.119403198098325,1.0624278745609903
2020-03-11,1.0649495848422752,1.0696216177955626,1.0268160643424997
2020-03-12,0.9737483779383262,0.9740272885256033,0.9562013824781448
2020-03-13,1.0319797425320887,1.0431598534474424,1.0026564661749007
2020-03-16,0.933647566902351,0.9317019192256653,0.9270862600088473
2020-03-17,0.9666521556700364,0.9935493942388378,0.9689909384341964
2020-03-18,0.906662304748532,0.9401865585574736,0.925042331596962
2020-03-19,0.9143110541599755,0.936507245957842,0.9080367030527818
2020-03-20,0.8986544259654409,0.9073299238084029,0.8850571714676159
2020-03-23,0.883729243732824,0.9033153221524672,0.8876164923400346
2020-03-24,0.9460289068953978,0.9816871280469924,0.9418746076848404
2020-03-25,0.9697734661698096,0.986730564987358,0.9562682051249224
2020-03-26,1.009758984229042,1.041777487918213,0.9965588125164204
2020-03-27,0.9830923261653846,1.0142859496948826,0.981975353678152
2020-03-30,0.9971605527722436,1.0431527256312931,1.0032040316018849
2020-03-31,0.9888987837990353,1.020590758470463,0.9881500027293817
2020-04-01,0.9514655044477187,1.017363950072982,0.9836665727048824
2020-04-02,0.9694484454985884,1.0208890081542588,0.9852587272622546
2020-04-03,0.9576859992941619,1.019702370144102,0.9845275193611434
2020-04-06,1.00585002206118,1.0274361222078743,0.988367363831922
2020-04-07,1.0118423949029944,1.0245784764097612,0.9866294226464266
2020-04-08,1.0372238953954909,1.0264816243530177,0.9895869418746722
2020-04-09,1.056997537912478,1.0292525872249647,0.9968002373927382
2020-04-13,1.0469565594400985,1.0294358987470245,0.9958830615630382
2020-04-14,1.063287392785981,1.0350649377585701,0.9969348164429916
2020-04-15,1.0370134748044832,1.0376348845300172,0.997218093084732
2020-04-16,1.036183403169578,1.0402658159919496,0.9967815628692587
2020-04-17,1.0607319900960221,1.0389608022017982,0.9971138842323423
2020-04-20,1.0461990331193463,1.039259284453246,0.9970310830094272
2020-04-21,1.0208714463028408,1.0361180465043913,0.9953968576025107
2020-04-22,1.0358578013477293,1.0387381315637556,0.9957854696296272
2020-04-23,1.0370610861159828,1.0394851157778187,0.9964739845644591
2020-04-24,1.0438015401132987,1.0413160867253166,0.9954659108933241
2020-04-27,1.0578743193646756,1.0389604079568229,0.9934089630595643
2020-04-28,1.062597621619963,1.0397519458867734,0.9952593156117056
2020-04-29,1.0884244504113938,1.0434859020663811,0.9963051616719353
2020-04-30,1.073884716694758,1.040807432393579,0.9960479472545968
2020-05-01,1.0493709325082898,1.0382465926218678,0.9932596147490477
2020-05-04,1.0543321262788203,1.0393474023382911,0.9934369317046096
2020-05-05,1.0613308511695638,1.040880978827785,0.9947632126392864
2020-05-06,1.051427569064403,1.038808583130541,0.9921250634859029
2020-05-07,1.0620786680982666,1.0446526596122911,0.9960630209887936
2020-05-08,1.0809477075758651,1.0442426608281372,0.9966783687999762
2020-05-11,1.075406468220027,1.0429900183601917,0.9945224789585729
2020-05-12,1.0597329653551661,1.0424772150151032,0.9941174674924249
2020-05-13,1.0440702528337003,1.0420078032048805,0.9924977419950329
2020-05-14,1.0512148746776615,1.045222082021419,0.994108450711598
2020-05-15,1.0527456439147616,1.0454457924030287,0.9940165045190438
2020-05-18,1.0885213203107966,1.0438050851452894,0.9932699554912623
2020-05-19,1.0785497179430212,1.0452217312349108,0.9942917111148527
2020-05-20,1.095050625767281,1.048363418996615,0.9977770637272404
2020-05-21,1.0896975003751648,1.0466959015199238,0.9977959213403551
2020-05-22,1.0881891803570987,1.0480661962183118,0.9976446219844319
2020-05-26,1.1086338376991298,1.0459502723174565,0.9977076018844214
2020-05-27,1.1218422298241044,1.0468458804652556,0.9984683333980781
2020-05-28,1.1184866712408252,1.0467764228110856,0.9995867314502589
2020-05-29,1.122223811458613,1.0507502954978187,1.0027049350456185
2020-06-01,1.1336981613179087,1.0501706115892728,1.0022883825188242
2020-06-02,1.145484716837935,1.0499549864638338,1.0019990615568075
2020-06-03,1.1636079067438363,1.0468766628642254,1.0008579508299578
2020-06-04,1.1624431865217757,1.0447076368510844,1.0014434542679116
2020-06-05,1.1873814190301861,1.0437252941288548,1.0004723879512416
2020-06-08,1.202238574147259,1.0451223937762368,1.000902326850879
2020-06-09,1.189792308111663,1.0480512898137044,1.0010880929012969
2020-06-10,1.1820078719868838,1.053993440071894,1.0039864781548886
2020-06-11,1.1248921107354823,1.049201294277751,0.9997231904331055
2020-06-12,1.1414136918048947,1.0493182516400834,1.0007223545281336
2020-06-15,1.1486759097831238,1.0503574893168586,1.0014233834857582
2020-06-16,1.1619943390907899,1.0507909705188814,1.0010308756887214
2020-06-17,1.1584105292502982,1.051600315442948,1.0007017928179198
2020-06-18,1.1575659522788424,1.0529242138781185,1.0005032325936136
2020-06-19,1.153689808974733,1.0534702155680336,1.0005921343900617
2020-06-22,1.1605462795837278,1.0548996108916107,1.001017142055634
2020-06-23,1.1635800236346132,1.0555649943119783,1.0013278094365425
2020-06-24,1.1384784140473467,1.0541945950687888,0.99949115573962
2020-06-25,1.1481933531310495,1.055566115351676,1.0000514850186009
2020-06-26,1.1302477311128638,1.054783652148759,0.9976560768844855
2020-06-29,1.1450968197825562,1.0568986544014871,1.0003318407439108
2020-06-30,1.1532851681458043,1.0586017011775857,1.0022842713973195
2020-07-01,1.1561361926327842,1.0550008987411879,1.0005698378816776
2020-07-02,1.1643168098450456,1.058220240133853,1.0029475136343755
2020-07-06,1.1794736808698323,1.0637960196567975,1.0043845141262207
2020-07-07,1.1676791832186262,1.0676933359257377,1.0065010635213012
2020-07-08,1.1758369922668748,1.0717197188792758,1.0075801796680879
2020-07-09,1.1661549360295336,1.0779275338720933,1.0116356037511394
2020-07-10,1.1749853289481484,1.0747091240231177,1.0097285989669142
2020-07-13,1.1674740849974863,1.0719954396580398,1.0089734673766988
2020-07-14,1.1795712184952274,1.077200397772307,1.0112074905851465
2020-07-15,1.1927251450240348,1.0765841373451623,1.0107304462542186
2020-07-16,1.1882335991360415,1.0732100309098147,1.0104618719887286
2020-07-17,1.1916853155501483,1.0763950309066572,1.0114177128779611
2020-07-20,1.1942296627139457,1.0838242456740537,1.014375110799595
2020-07-21,1.203263010012265,1.0865621963366228,1.0154110899524937
2020-07-22,1.2089873547534933,1.0936433299868435,1.0177957367073767
2020-07-23,1.2032298459215056,1.0951329196926916,1.0184376719827581
2020-07-24,1.1982475690667673,1.0946082751758215,1.0176746209045293
2020-07-27,1.2073251387416062,1.1052418700481044,1.0207620719239545
2020-07-28,1.2021933896484207,1.1068830182844422,1.021612240513437
2020-07-29,1.2154829775762874,1.1133554599464652,1.0248496619750724
2020-07-30,1.2068444774219624,1.115995872503592,1.0267936023642725
2020-07-31,1.2034374784767712,1.1213705430240564,1.0279535994125293
2020-08-03,1.2117369343521704,1.1251037634221939,1.0293378307129204
2020-08-04,1.219885848406619,1.137992782597988,1.0346851226205331
2020-08-05,1.2277332045133826,1.1383160208542402,1.0331495041269902
2020-08-06,1.2292022127797124,1.1460407125546472,1.0356734803996956
2020-08-07,1.2286896542254877,1.1348619714181922,1.0313217141736188
2020-08-10,1.2341346382561158,1.1320519601298258,1.0300743004294346
2020-08-11,1.227192829477761,1.1063269077439144,1.0212203567006846
2020-08-12,1.2385799606612287,1.108222188536332,1.0215159565355338
2020-08-13,1.2362441952789298,1.111205766847249,1.020145617979974
2020-08-14,1.2356126697750727,1.1088473882523426,1.019469056010184
2020-08-17,1.2423778668656396,1.1191865260548208,1.0233227725793024
2020-08-18,1.2414456827292735,1.1244280084124127,1.025475364917166
2020-08-19,1.2347382488893008,1.11102068053329,1.0211422064695603
2020-08-20,1.2339470993461803,1.116542695013077,1.0237104117173046
2020-08-21,1.2325693402633593,1.117936664154259,1.0248181053156513
2020-08-24,1.2441044870687517,1.1175147280658915,1.0245339594894747
2020-08-25,1.246489688728854,1.1171549484675665,1.0235269389806145
2020-08-26,1.248259923648,1.1226123786042692,1.0246737913541093
2020-08-27,1.2473551299639893,1.1116962699114414,1.0193235036796318
2020-08-28,1.256372182655671,1.1209550023652426,1.0228462132827394
2020-08-31,1.2479209715281934,1.1237373326533655,1.0242590481216902
2020-09-01,1.2549537232141297,1.1327932947896426,1.0291078306348833
2020-09-02,1.2640562432030926,1.1360976267872294,1.0321643843934283
2020-09-03,1.2396362208104184,1.1207387405396099,1.026829459683261
2020-09-04,1.2362525076349093,1.1124012039385813,1.0210000824553063
2020-09-08,1.2143885264661471,1.1027956290267895,1.0179669610102406
2020-09-09,1.230693010872429,1.1122236439043178,1.02124394971639
2020-09-10,1.2164684589321697,1.1084501213027915,1.0204420925832347
2020-09-11,1.2196699681537337,1.1086924798933049,1.0213791417389448
2020-09-14,1.2336455211598836,1.1159244679482259,1.0236511343568324
2020-09-15,1.2380398810426654,1.117787774630078,1.0247505791228204
2020-09-16,1.2407765893153084,1.1149191913144643,1.0233082647667866
2020-09-17,1.2371725784727112,1.1127891691525476,1.0229089036007515
2020-09-18,1.2289675630718395,1.1082364941592016,1.0207224631497425
2020-09-21,1.2076161955731983,1.10386568213382,1.020241357131894
2020-09-22,1.2090870417598856,1.1053076890948415,1.0209157067584056
2020-09-23,1.1889950385699826,1.0923138357790654,1.0167230271507943
2020-09-24,1.1911042245207843,1.0962514898571836,1.0181461046895215
2020-09-25,1.1993756154501174,1.099834163426711,1.0198565345293333
2020-09-28,1.2157470729928819,1.1078518302659865,1.02273358378075
2020-09-29,1.2100427761124368,1.1111508339935432,1.0240661431949416
2020-09-30,1.2154337767383632,1.107100128462119,1.0216262096205058
2020-10-01,1.2220196198679079,1.1163942262295983,1.024198522891149
2020-10-02,1.2191412261110552,1.1067959368009626,1.0214549327756464
2020-10-05,1.2376440203272743,1.1103449252846163,1.0162411859472111
2020-10-06,1.2296867699268812,1.1057330720550451,1.017481841588003
2020-10-07,1.2432218884366228,1.1083830376698955,1.0157138398144394
2020-10-08,1.254350221009626,1.1148936427902403,1.018742703131875
2020-10-09,1.2604712738246528,1.1255350344694246,1.0209410763629294
2020-10-12,1.2678256708455908,1.1309709131788874,1.023180565563097
2020-10-13,1.259685458051092,1.1271275786871124,1.0242810715837252
2020-10-14,1.2557923921810998,1.127499470303999,1.024740439706854
2020-10-15,1.2549183496462941,1.1272367868926008,1.02378418416947
2020-10-16,1.2542069301883267,1.1235781294908478,1.0227397809948324
2020-10-19,1.245003963989694,1.1202129999251378,1.0206757349939626
2020-10-20,1.250968449980465,1.1188808256336014,1.018348406494664
2020-10-21,1.247037789683285,1.1185892139543774,1.017086468129467
2020-10-22,1.2526557236210278,1.1110980360820641,1.012528765407529
2020-10-23,1.2568571611832293,1.1122788978561176,1.0143702467190374
2020-10-26,1.238511230191992,1.1090813784681035,1.016580911739439
2020-10-27,1.2329226622933223,1.1116176830918876,1.01955618597983
2020-10-28,1.2019482388289318,1.0967038977780372,1.0167109805962031
2020-10-29,1.207953612078286,1.0982107762921447,1.0139844281644854
2020-10-30,1.2013659575307123,1.0915522529820274,1.0097529390031423
2020-11-02,1.2167592377679117,1.0986864150656204,1.0132189655206172
2020-11-03,1.234375483111843,1.1039581091705157,1.0120915826753953
2020-11-04,1.2473489012089845,1.1216484834147078,1.0236461934479237
2020-11-05,1.2683609500162494,1.1414707346926023,1.0278053420087623
2020-11-06,1.2658269827767168,1.1414835699541894,1.024369911299126
2020-11-09,1.2906621924847193,1.115423461256287,1.012050682211246
2020-11-10,1.2989354340467936,1.1066888775220147,1.0080407132300993
2020-11-11,1.304259433848062,1.1157922454744227,1.0106911610951792
2020-11-12,1.2916554184692677,1.1204763093418793,1.0171279277757672
2020-11-13,1.3084370273940638,1.1258829289513335,1.0182675739782054
2020-11-16,1.3245319985387678,1.1316296143770281,1.0185495389533832
2020-11-17,1.3234559851043628,1.130464159377604,1.020192191980432
2020-11-18,1.3147921112987289,1.1272202842158185,1.0195299892047267
2020-11-19,1.3201651568696242,1.1319861046933009,1.022357868108969
2020-11-20,1.3191161889028482,1.1344506278070212,1.025407112482621
2020-11-23,1.326988488691074,1.1294381228225445,1.0226538464981545
2020-11-24,1.3443076488810128,1.1227379550892604,1.0192485982508246
2020-11-25,1.3421165564282822,1.1217167356812943,1.0186032300146661
2020-11-27,1.3451706805317438,1.1245640143626983,1.0222059774312544
2020-11-30,1.3301020147551714,1.124771053309111,1.0213565972987508
2020-12-01,1.3439644082692042,1.1311254688128198,1.0176550851575188
2020-12-02,1.3456388792228795,1.1314390983515226,1.0156234304055656
2020-12-03,1.3500334079463474,1.1371731401389562,1.0196448771077102
2020-12-04,1.3622340162269797,1.1380992724979722,1.015419638548933
2020-12-07,1.3593565325089796,1.147688579480389,1.020029895515555
2020-12-08,1.3636232402450832,1.151132572571533,1.0219523197356617
2020-12-09,1.3572361259480161,1.1363642324702774,1.017825215890679
2020-12-10,1.3632280610887226,1.1386019849619877,1.021307405854975
2020-12-11,1.3597445235959085,1.1386488923601024,1.0226348759897324
2020-12-14,1.3565904974594563,1.1383153858636208,1.021665142917174
2020-12-15,1.3720458117782248,1.1466171937033327,1.0223839627807392
2020-12-16,1.3736023341844763,1.1478196789898627,1.0220713553038665
2020-12-17,1.3822973728230026,1.1514397546223738,1.0225540954433914
2020-12-18,1.3775271194973344,1.1484895694796147,1.0213145446908836
2020-12-21,1.3686849573562847,1.1477130805975033,1.0217159926594883
2020-12-22,1.3664097655309484,1.147036361778288,1.022722849644647
2020-12-23,1.3740447700055742,1.1445798851621936,1.0211117749582768
2020-12-24,1.3767889116841663,1.149897686624163,1.0225168393337516
2020-12-28,1.3788380874221748,1.1490879723608296,1.021883771611221
2020-12-29,1.3793234145997677,1.1488577449135058,1.0227001299785718
2020-12-30,1.386756668864892,1.1562674354403648,1.0253960194091842
2020-12-31,1.3881781393008399,1.1590146622151007,1.0261946975501588
2021-01-04,1.3817254666789887,1.154809073622077,1.0240478311518904
2021-01-05,1.3960222688706565,1.163842118360936,1.0280829108176186
2021-01-06,1.4084428559829651,1.1550746911342493,1.0214543514040861
2021-01-07,1.417670206630595,1.1775767293483714,1.0299003997518537
2021-01-08,1.423107321476442,1.1787750093301306,1.029954575320353
2021-01-11,1.4154342872578671,1.1780535456150745,1.0285161310669717
2021-01-12,1.4254696583832898,1.1818503699254272,1.0298684594640037
2021-01-13,1.4252246802405697,1.1871164608155893,1.0347735379774041
2021-01-14,1.4321403448099768,1.1909138921668492,1.0355543720302596
2021-01-15,1.4193830123592737,1.17982805345349,1.0305272785538284
2021-01-19,1.428849319852111,1.1967614762411938,1.038827716369493
2021-01-20,1.43922153901496,1.2068558500358508,1.043119322530046
2021-01-21,1.4360235745327865,1.2138613891612675,1.0470134689339272
2021-01-22,1.4305547041552942,1.2093282136621144,1.0445015933140018
2021-01-25,1.4339328871326722,1.2157767682288676,1.0489531701924621
2021-01-26,1.432118454391902,1.2069084125428027,1.0452178941444084
2021-01-27,1.4082545010921557,1.1805859361249267,1.0334030581644693
2021-01-28,1.4158394315734295,1.188354889747269,1.0363851742728112
2021-01-29,1.3962760833134071,1.169234658537881,1.024702369945298
2021-02-01,1.4168873599790233,1.1943650427940882,1.0365902085018341
2021-02-02,1.4283420242475318,1.2071219731398117,1.0424247053829
2021-02-03,1.4308212841834673,1.198135809003209,1.0372673517177449
2021-02-04,1.4393858825078447,1.2060640303468524,1.0412094681986186
2021-02-05,1.4475093315609258,1.2067192907778537,1.0391287487499357
2021-02-08,1.4603411907793757,1.2233672304799499,1.046484973628046
2021-02-09,1.4624891899756802,1.2229707996361234,1.0470652478847025
2021-02-10,1.4627938206259072,1.2242041157056827,1.048959825194481
2021-02-11,1.4655867391061208,1.2365139911405205,1.0542491068438862
2021-02-12,1.4706342009047855,1.2380930360720441,1.053352590485628
2021-02-16,1.472158143723002,1.2320475189150903,1.0490020742621404
2021-02-17,1.470655365769477,1.2256820636964183,1.04685684404249
2021-02-18,1.4618230108332533,1.2185014600518138,1.0431402208192695
2021-02-19,1.4670861814233103,1.2241438379385101,1.0429995702795938
2021-02-22,1.4619995307814055,1.2001521157658321,1.0322416162774508
2021-02-23,1.4645158775156923,1.1957796974992179,1.0312335250258622
2021-02-24,1.476251745995566,1.2079131255590234,1.0370753374895543
2021-02-25,1.4460351209658293,1.1679910344340456,1.013400090344292
2021-02-26,1.4360418503261676,1.1813631552950972,1.0240504474031267
2021-03-01,1.4603835198407071,1.2027759459492706,1.033800925381082
2021-03-02,1.454409454446446,1.1867284270191696,1.0272934910594047
2021-03-03,1.4447180102863046,1.1622608474627667,1.015294273607849
2021-03-04,1.4292355323863837,1.1349824021732395,1.000764934287157
2021-03-05,1.4471242871546208,1.1518337040946351,1.0089299138932402
2021-03-08,1.4407863970948642,1.1255617408375045,0.994551808081765
2021-03-09,1.456945343740723,1.1601884300688547,1.012161820972321
2021-03-10,1.4667385232178982,1.1565840053507526,1.0117852994751695
2021-03-11,1.481415198234185,1.179316598906002,1.0221642100057184
2021-03-12,1.4802233149144444,1.1677577791341265,1.0124374092850266
2021-03-15,1.4854927435225924,1.1810924541675178,1.0190407739638614
2021-03-16,1.4819810760639833,1.183409854477113,1.0210265556837914
2021-03-17,1.4866687594488455,1.1863813543714063,1.0211707764792464
2021-03-18,1.4647964366753747,1.1574756700254767,1.0057124412043783
2021-03-19,1.4691788393844982,1.1655687779446555,1.008575929057042
2021-03-22,1.4695683429984068,1.1814318579204577,1.018226359482757
2021-03-23,1.4514023050559524,1.1688294337800684,1.0148587611847915
2021-03-24,1.4455717197556401,1.157062146390191,1.0121529434049483
2021-03-25,1.4530291664244637,1.1596062846234898,1.012462334608736
2021-03-26,1.4739174989816435,1.182226408248069,1.0233396184430066
2021-03-29,1.4660297665545967,1.1719993201218433,1.0179638971308154
2021-03-30,1.4658671801281262,1.1727806190293113,1.0184031237050453
2021-03-31,1.4701755343358964,1.186011704789383,1.022706372175657
2021-04-01,1.4858324722467502,1.2020549748214304,1.0251864665250852
2021-04-05,1.493480654413767,1.2123236176830676,1.0260542926493397
2021-04-06,1.4933254463415708,1.2150464601361843,1.0276959306661908
2021-04-07,1.4895071118123608,1.2117430017974418,1.0272574063844224
2021-04-08,1.4963540557629713,1.2221763401825068,1.030269253003307
2021-04-09,1.4971844749806331,1.2276432814345675,1.0296393421362908
2021-04-12,1.493956111950499,1.2239997870909685,1.0289331235305892
2021-04-13,1.4987796532228777,1.2298839439925717,1.0303264723496124
2021-04-14,1.5031090091876158,1.226880430321264,1.0303417450615977
2021-04-15,1.514921377912391,1.2420836812255203,1.0347308886857869
2021-04-16,1.5192480301309923,1.2480798307581196,1.0355194330029314
2021-04-19,1.5135242878359088,1.2422409089245587,1.0355745811321742
2021-04-20,1.5020886982067687,1.2321615396307524,1.0353109197224681
2021-04-21,1.5150038313662066,1.2468630626178216,1.038210333220206
2021-04-22,1.5096763767557393,1.23761744284038,1.0356810032059494
2021-04-23,1.5227214609635784,1.2500798526765688,1.0385543564759703
2021-04-26,1.5282556077601914,1.2545178126027672,1.0403229270884513
2021-04-27,1.5287652840580352,1.2549040284642201,1.0397266996289067
2021-04-28,1.531336698724897,1.2522565721207188,1.040605448215591
2021-04-29,1.534796277907467,1.2538196622375348,1.041246768096305
2021-04-30,1.5228405825071056,1.2419085476393141,1.039140270778904
2021-05-03,1.5305014528167498,1.2532866338275122,1.0408572854050429
2021-05-04,1.5234981985836646,1.2422877828493837,1.0374544341817684
2021-05-05,1.528533644218261,1.2463309880293774,1.038959238170596
2021-05-06,1.5382280160962447,1.2593767620605687,1.042359400014268
2021-05-07,1.5507825780428663,1.2700666416859305,1.0463990729484205
2021-05-10,1.5384078881798773,1.255625281368557,1.043367049525445
2021-05-11,1.5296747533857362,1.2411302547450411,1.0377796569072548
2021-05-12,1.5024318436405968,1.2062950653793456,1.027277637834908
2021-05-13,1.5111921237066586,1.2215960922391251,1.0320284985454589
2021-05-14,1.5310748371245164,1.2424396856951523,1.0363810089359162
2021-05-17,1.5331689184313742,1.2388053003484492,1.0337668337899464
2021-05-18,1.5298376361236858,1.2381948276197834,1.0385452324360667
2021-05-19,1.520948990633693,1.2281157912291825,1.0351212842222295
2021-05-20,1.5316733078812508,1.2396992769437056,1.0377151337671395
2021-05-21,1.5310325838961636,1.2356521396836608,1.036421914757343
2021-05-24,1.540716143109477,1.2466532333771911,1.0400890992395078
2021-05-25,1.5385735275433134,1.2522151516756594,1.041851868509579
2021-05-26,1.5440327541014764,1.254156057989953,1.0422530192896038
2021-05-27,1.5495341051659628,1.2565926386787012,1.042346118345979
2021-05-28,1.5522102720547004,1.2580369231330355,1.0440525631243858
2021-06-01,1.5625580021661927,1.263552490219318,1.0473771314973805
2021-06-02,1.5656541055344666,1.265780549437391,1.0476505755272068
2021-06-03,1.5571361022838326,1.2537690773936274,1.044736002132021
2021-06-04,1.5683708501607267,1.2671732076984323,1.048125491633113
2021-06-07,1.5704727345300906,1.2664083005818512,1.0472019148531473
2021-06-08,1.57319294453313,1.2687305722668798,1.0470304825046346
2021-06-09,1.5703065338014282,1.267960903431229,1.0468783229245757
2021-06-10,1.5749207517319488,1.2717791735591784,1.049331196082599
2021-06-11,1.576356038334598,1.2747322915350225,1.0490575094637182
2021-06-14,1.5746444076986774,1.2715892876809551,1.0478033280952077
2021-06-15,1.5707344204946287,1.2674220563517384,1.0474698475828959
2021-06-16,1.560826376501514,1.258645155090287,1.0423214530143825
2021-06-17,1.5501418088511,1.252793983760111,1.041000059995446
2021-06-18,1.5340331089439583,1.244718679393674,1.0373578066282658
2021-06-21,1.551289682686896,1.2542001581762476,1.0394675695150697
2021-06-22,1.552952565923063,1.2574201112151757,1.0399348932661017
2021-06-23,1.552255413307425,1.2570376562391397,1.0401833496399313
2021-06-24,1.5620640886163824,1.2649592989913931,1.0419350517929278
2021-06-25,1.566267690937157,1.2661732040098976,1.0428762488148038
2021-06-28,1.5639008784145652,1.2703611961919528,1.043879556418919
2021-06-29,1.5627846174236253,1.270871853337838,1.043256734122617
2021-06-30,1.5638395234949531,1.2745766117466726,1.0446340771364777
2021-07-01,1.568088700806481,1.2747231619956298,1.0470531514273418
2021-07-02,1.5714038489104656,1.2823124159305948,1.051132543091513
2021-07-06,1.560413000887488,1.2771603781169953,1.0490708553276948
2021-07-07,1.5610904261927396,1.2749430996365263,1.0483733641674329
2021-07-08,1.549071736305258,1.2612569233607531,1.043683652422159
2021-07-09,1.5675763705310808,1.2789653191383887,1.051470910002207
2021-07-12,1.5717912907494216,1.28438884602794,1.052951415044674
2021-07-13,1.5631821068441993,1.2768417098740115,1.050195577966794
2021-07-14,1.563637296608714,1.2754240212891057,1.0494866140104593
2021-07-15,1.5598718572324202,1.264040767216427,1.0458511596814868
2021-07-16,1.5499234391613979,1.2478580586440573,1.0408183873577677
2021-07-19,1.5293446440791425,1.235903329743847,1.0344162666773518
2021-07-20,1.5466155639615096,1.254819057463269,1.0445450356821468
2021-07-21,1.5604412946947968,1.273617255072896,1.0503808580989065
2021-07-22,1.5592446743370807,1.2720441515017944,1.051155134819472
2021-07-23,1.56369149148173,1.283153292709073,1.0570159341011944
2021-07-26,1.5644437160414624,1.282504631058817,1.057075761068903
2021-07-27,1.5576739253714464,1.2684376350412256,1.0519853436173232
2021-07-28,1.5661336100820693,1.275519992866081,1.0548920855489834
2021-07-29,1.5753013864644883,1.2899718272790488,1.0581128274071638
2021-07-30,1.5682718871583778,1.2871860716762935,1.0556790079321272
2021-08-02,1.568601470165245,1.287803166407086,1.0558091198665112
2021-08-03,1.5770765192230807,1.2976923341748134,1.06014907639524
2021-08-04,1.5693904421254685,1.293763987997107,1.0559043440976057
2021-08-05,1.576493801642053,1.299352474319118,1.0585862120562002
2021-08-06,1.574275124604915,1.2917981880249048,1.056270477591745
2021-08-09,1.5701154787872693,1.2856886196865185,1.0546009752340064
2021-08-10,1.574510312098755,1.2846275962063551,1.055406518110488
2021-08-11,1.581663842754667,1.2887280171816897,1.0561454130972325
2021-08-12,1.5804486530678576,1.2843029679686033,1.0564093057401303
2021-08-13,1.5828342840525624,1.2881807690549185,1.057132561599532
2021-08-16,1.5800519685694714,1.2891389484693856,1.0585372746074317
2021-08-17,1.5671941336466753,1.2700957483243878,1.0521426571279504
2021-08-18,1.5581969595869014,1.259107719320221,1.0471848885028856
2021-08-19,1.5496995586145519,1.2614550769470432,1.0476686436161864
2021-08-20,1.555738892947696,1.2721794314781696,1.0526233214933474
2021-08-23,1.5710403173431964,1.2913040390726218,1.0596089749608228
2021-08-24,1.5796593897624818,1.2988835892270194,1.0638986155070727
2021-08-25,1.5826918599971422,1.3038677395886715,1.06491440560212
2021-08-26,1.5751221228071801,1.2958354040630875,1.060151691649503
2021-08-27,1.5931361820072567,1.3124400726216245,1.0668055317236482
2021-08-30,1.5939394008475931,1.317390920826331,1.0697427222863982
2021-08-31,1.5948149371531315,1.3122042133103167,1.0681993182693483
2021-09-01,1.6003085409504025,1.3155776321803982,1.0703889273551106
2021-09-02,1.6056942862638783,1.3153331468824527,1.070877936269925
2021-09-03,1.6056771275244193,1.3227265059603202,1.0731428760879573
2021-09-07,1.5972864152414774,1.314337870261829,1.0689534956323044
2021-09-08,1.5915942794448197,1.3042514027250869,1.0661993187351997
2021-09-09,1.5892043825270723,1.3056749054103582,1.0662306899106935
2021-09-10,1.582203606704643,1.298800798207042,1.0605342897491996
2021-09-13,1.5891230257900022,1.3005927932050345,1.0597572028572304
2021-09-14,1.5822784391288705,1.2961659734659525,1.0577191335050546
2021-09-15,1.5918970916360322,1.304863148154427,1.062758610072715
2021-09-16,1.5857833870383289,1.3027667903392226,1.0626291865866542
2021-09-17,1.5739588986671893,1.2890069298487803,1.0585682705783561
2021-09-20,1.5513195690530872,1.2661209966109763,1.048877419835996
2021-09-21,1.5544807774158083,1.267737791646194,1.0495027306627618
2021-09-22,1.5680925074159808,1.2841289222564962,1.0556234635170045
2021-09-23,1.5812452381502535,1.2956989595358708,1.0605576402123547
2021-09-24,1.5758560556334806,1.293659326441849,1.0591497907017613
2021-09-27,1.5825748896137393,1.294145991590892,1.0585627646745221
2021-09-28,1.5595785211067883,1.2611989073134915,1.0448674981939035
2021-09-29,1.5579835733691068,1.2523399714099688,1.043881466475556
2021-09-30,1.5511296772072618,1.2419603656274019,1.0369263769709798
2021-10-01,1.5634032357749286,1.251067415219298,1.0414260650840144
2021-10-04,1.5555029980154058,1.228917399974023,1.0353597360167701
2021-10-05,1.5635868609482888,1.2418868873261928,1.0388140462201718
2021-10-06,1.5609695635668004,1.2446149044148005,1.0384613176089277
2021-10-07,1.5729774286315308,1.258354982283703,1.0415468872830327
2021-10-08,1.5709020171373107,1.2511513256413556,1.0393315564102068
2021-10-11,1.565101057155981,1.24235186738401,1.03598900953335
2021-10-12,1.567363820120138,1.2402565420102327,1.0368176293538967
2021-10-13,1.5764932523740296,1.2490585866384616,1.040105023136749
2021-10-14,1.5925441382481555,1.2731743748996203,1.0469210378014246
2021-10-15,1.5976962737772766,1.2800954606133481,1.0478900780387077
2021-10-18,1.596593490998605,1.2906658246957745,1.0489228702099438
2021-10-19,1.6038945682689725,1.2973528065518543,1.0497952183446646
2021-10-20,1.6124552207761202,1.297044073205147,1.0510595739833106
2021-10-21,1.6085820414376613,1.305500128790537,1.0519541841013709
2021-10-22,1.6121197581328275,1.2971156024524018,1.04988897094922
2021-10-25,1.619131752761758,1.3048951043968058,1.0525679116859898
2021-10-26,1.6173059449628717,1.3053872438613818,1.0540028381544175
2021-10-27,1.6072352220595105,1.298149931909835,1.0527743187316865
2021-10-28,1.6181888846767054,1.3129679917028436,1.0540965774926323
2021-10-29,1.6122862184375009,1.3165386179546337,1.054739386911546
2021-11-01,1.6237507493701893,1.327087388600961,1.0578323067073492
2021-11-02,1.6242549026204813,1.333456855108222,1.0600286653798883
2021-11-03,1.6321013086981306,1.3468626217854327,1.0626439590054992
2021-11-04,1.6323351976059763,1.3645552050404566,1.0666980797401433
2021-11-05,1.6408652783993745,1.3715067328934527,1.0690863119811689
2021-11-08,1.6443460163350716,1.3798804702615113,1.0711443396542704
2021-11-09,1.642720167099254,1.3781925969547635,1.071192558074385
2021-11-10,1.630068177975886,1.354603702611804,1.0642657624588792
2021-11-11,1.6373925407008751,1.3643422199012847,1.0652712110864166
2021-11-12,1.6416713077666527,1.3779920078080978,1.0692480428215725
2021-11-15,1.6411879312412023,1.3769097913095292,1.0679459816277614
2021-11-16,1.6408409616751574,1.387950913251262,1.0687959858582095
2021-11-17,1.634921487090912,1.3803317039106464,1.0676002024055486
2021-11-18,1.6334306650638641,1.3917547684471008,1.0684548679997383
2021-11-19,1.6246792442256814,1.3905764587026117,1.0663535141726515
2021-11-22,1.6189559611323572,1.3767649707436374,1.0591576944771126
2021-11-23,1.6213536913597635,1.3718798734454898,1.0580598004249337
2021-11-24,1.6223536693917615,1.3759422746700822,1.0586252729611978
2021-11-26,1.5876336198369365,1.3450522734188477,1.0537032727144113
2021-11-29,1.593077217835589,1.3662042611895089,1.0560706203715486
2021-11-30,1.5710371443894833,1.3459622890836338,1.0504473516097055
2021-12-01,1.55810223357666,1.32796949745691,1.0453040558164475
2021-12-02,1.5792607842191968,1.3427351219021835,1.0495288329354433
2021-12-03,1.5703214027121717,1.3257247362797906,1.046206634715411
2021-12-06,1.5843090423476014,1.333296541412749,1.0460684606895183
2021-12-07,1.607736790118697,1.3720486407093708,1.0548548708358862
2021-12-08,1.6114408939598017,1.3765172445448874,1.0570524249395286
2021-12-09,1.5984672830390068,1.3580205822068467,1.052286638979844
2021-12-10,1.6049952003867145,1.368415362842805,1.054322406063001
2021-12-13,1.594017632091401,1.3445492589261978,1.0497008195719515
2021-12-14,1.586292577093674,1.3337930525885717,1.0466102226353777
2021-12-15,1.5989743463975805,1.3602104774335744,1.0521341713828667
2021-12-16,1.5954701071224304,1.327805936721284,1.0476217370188508
2021-12-17,1.5840335246947101,1.3219844394585007,1.0458264492582452
2021-12-20,1.5730785576906068,1.306405767398733,1.0417126377022334
2021-12-21,1.5946890862137932,1.3387218443160642,1.049041951799476
2021-12-22,1.6067298484257506,1.352746244850443,1.0541153215470884
2021-12-23,1.6142540646803583,1.3633806390642156,1.0570288020871244
2021-12-27,1.629772794312751,1.383683398405588,1.0611296739871683
2021-12-28,1.627075308126578,1.377362433741651,1.0594360784571981
2021-12-29,1.6274402470493,1.3801691383032777,1.0601664966495217
2021-12-30,1.627229647073901,1.3763966305977031,1.0612480279841723
2021-12-31,1.6260029340673443,1.3718915856537675,1.0597830569119264
2022-01-03,1.6308081234852472,1.377735970299144,1.055712393955816
2022-01-04,1.634374212863885,1.3798586919565239,1.0578416343137549
2022-01-05,1.6134809551283422,1.353804446964875,1.04888823822417
2022-01-06,1.6154663566562044,1.3546413418407723,1.048436024340349
2022-01-07,1.6149465050186593,1.3414312267034014,1.045433392209377
2022-01-10,1.6109775049616712,1.3403789191081883,1.045366426043702
2022-01-11,1.6276643581413823,1.3564016074299805,1.0520602133487809
2022-01-12,1.6356793281028923,1.358065442549594,1.0507344648688421
2022-01-13,1.6224332376087385,1.343076240964952,1.0482966882613152
2022-01-14,1.6227216172148078,1.34239628405151,1.0443953047323278
2022-01-18,1.601067484119175,1.316520876743836,1.0348527907445086
2022-01-19,1.5957639625203912,1.3058852648990649,1.0348721132138416
2022-01-20,1.5837763365967126,1.2863256867114727,1.0300053715342004
2022-01-21,1.5669128017202676,1.2684732181590237,1.0267837386252525
2022-01-24,1.567388179327445,1.2799567113995836,1.029202264864942
2022-01-25,1.5601314637815495,1.2651660784109857,1.0263291875893614
2022-01-26,1.550788015741094,1.2577798962026978,1.0197865655721872
2022-01-27,1.5420668977788512,1.2439117406720466,1.018539685364606
2022-01-28,1.5594081956462942,1.2670313083996638,1.026097811105676
2022-01-31,1.5837218247898117,1.2969218701152874,1.034711878287557
2022-02-01,1.5936100081300444,1.3043644054115087,1.0369586533983364
2022-02-02,1.5999565261769537,1.3088641650434902,1.037168537596244
2022-02-03,1.579542852914542,1.2817716202872644,1.0280454386153954
2022-02-04,1.580379963664555,1.2811675790736632,1.0250788748934403
2022-02-07,1.580797786787997,1.2827136218757424,1.027689360425752
2022-02-08,1.5896588203419324,1.2972134400770692,1.0303094200597416
2022-02-09,1.6091193573515068,1.3189127000199903,1.037259955965531
2022-02-10,1.5887756012263863,1.293275364443646,1.0262596802115984
2022-02-11,1.576897888901066,1.2709510355706972,1.026911133219722
2022-02-14,1.569464986416302,1.2646802282409486,1.0210526456850275
2022-02-15,1.5880213507846666,1.2896928477191087,1.0240246421860897
2022-02-16,1.593054726159666,1.2919032507326154,1.0269463011799251
2022-02-17,1.5744729117570024,1.2670688540911312,1.022418307021104
2022-02-18,1.5680218113370414,1.2628282893003167,1.0241126632214954
2022-02-22,1.5560831648387141,1.2497543506625948,1.021848028552043
2022-02-23,1.5410637802155334,1.2309918243948634,1.0158550589512239
2022-02-24,1.5447196046811313,1.2458944860268002,1.017123480864564
2022-02-25,1.5702216794332238,1.2650409122015882,1.0223277964550823
2022-02-28,1.5681257327027083,1.269459833941057,1.0324153716909457
2022-03-01,1.5567990905848097,1.254800041022245,1.035135291990229
2022-03-02,1.5764795064948072,1.2772809804988434,1.03508062530615
2022-03-03,1.5694554689877134,1.2681378645176542,1.0350511211965536
2022-03-04,1.558505293593696,1.2551764482086434,1.0372026109149994
2022-03-07,1.527675630575345,1.2160978113885097,1.0249305866947738
2022-03-08,1.528987669031869,1.2178476768276105,1.0224137838146854
2022-03-09,1.551885555327193,1.24820691868917,1.0271455638613045
2022-03-10,1.5429326618264978,1.2423747805688674,1.0260455805760884
2022-03-11,1.5300989876795328,1.2272865778489352,1.0228001544227368
2022-03-14,1.5158080815205242,1.2155594463775383,1.0145636238208202
2022-03-15,1.5283158607146907,1.242152246355872,1.019189895377915
2022-03-16,1.565490983064349,1.268748478792313,1.0250914819235013
2022-03-17,1.5819758230048888,1.2849384730055293,1.0349352415556068
2022-03-18,1.5936907676078778,1.296832175978273,1.0378827131708257
2022-03-21,1.5905315866829681,1.2900661465787528,1.0324391462281772
2022-03-22,1.602153214982273,1.3002507212086203,1.033501344494891
2022-03-23,1.591479625509366,1.2794032962470336,1.032967503116428
2022-03-24,1.6029758290379945,1.2959982779882013,1.0345462839154735
2022-03-25,1.6057210531044857,1.2938318756373144,1.0310090993082721
2022-03-28,1.6045762313340628,1.300178250765117,1.031840309796629
2022-03-29,1.6266631957326108,1.319944146681514,1.0365987012663003
2022-03-30,1.6207616211144455,1.3022177389550051,1.03638652456387
2022-03-31,1.601829839737177,1.285953521117297,1.0339394501706258
2022-04-01,1.6109378415079496,1.2974442191568678,1.03803091369864
2022-04-04,1.6206857228023333,1.3057750650028348,1.0425244311803907
2022-04-05,1.6008568700588228,1.2898686505761567,1.0373189109073926
2022-04-06,1.5894124564862409,1.284818988252202,1.0370372168681394
2022-04-07,1.5901093628439396,1.2909611548618316,1.0367844941941655
2022-04-08,1.5902358323670085,1.3031965348572954,1.0433603277563839
2022-04-11,1.5763873593705855,1.2963973260843822,1.0414631079902625
2022-04-12,1.5767374899647761,1.3058230132816795,1.0444885217647992
2022-04-13,1.593880008030074,1.3272719148657588,1.049972158610494
2022-04-14,1.5826565297598287,1.327158972382879,1.0482511905749565
2022-04-18,1.581482057128749,1.3366745931654966,1.051759983691501
2022-04-19,1.5887580259459897,1.3276302794901715,1.045926452165075
2022-04-20,1.5941849056892108,1.3330925166173624,1.0532825002122188
2022-04-21,1.574038951882581,1.303436863416888,1.0439883251972888
2022-04-22,1.5459890365448958,1.2685446483179275,1.028175889062467
2022-04-25,1.5470728799580986,1.2604828635368792,1.0258344691066015
2022-04-26,1.5197501432452374,1.2449670020802905,1.0180482633157746
2022-04-27,1.5229273669774352,1.253553497509056,1.0201567267495002
2022-04-28,1.5435015567243549,1.2729766527251125,1.0295893539212604
2022-04-29,1.5139185706458371,1.2440787347204416,1.0129095657907499
2022-05-02,1.5149212617610002,1.2493554232681054,1.011036238986888
2022-05-03,1.5238489799536192,1.2668511098157518,1.017414391439351
2022-05-04,1.5553156662814807,1.297726144043266,1.0309299856702667
2022-05-05,1.514277841269947,1.2664266348206237,1.0170502634511605
2022-05-06,1.5012546770426134,1.2594388751743852,1.0131900290214326
2022-05-09,1.4604785836045924,1.2022034304186517,0.992588607786717
2022-05-10,1.462019779353115,1.198226600818112,0.9896109566570096
2022-05-11,1.4539464167937788,1.1981237912253568,0.9911805772675115
2022-05-12,1.4553903306419471,1.1964338509251329,0.9884129937917729
2022-05-13,1.4826523664156768,1.2199239291789084,0.9971425306346128
2022-05-16,1.4840741300363227,1.2332201065487856,1.0051161212986732
2022-05-17,1.5059368388288814,1.2560651592689622,1.0136282036821682
2022-05-18,1.4690912719991116,1.216482826230245,0.9945431400511165
2022-05-19,1.4732714990236504,1.2212473902004042,0.9948618946154405
2022-05-20,1.4755971459204753,1.2183430199861884,0.9944715280702856
2022-05-23,1.492745130910571,1.2392735582264682,1.0037636344997378
2022-05-24,1.4866616887118262,1.2334010890492288,1.003966064219489
2022-05-25,1.4974633610802877,1.2506620575569656,1.0065833115500074
2022-05-26,1.5177913407407648,1.2694205445776816,1.0142353476861825
2022-05-27,1.5410096948859122,1.2904780212761564,1.0246563842165952
2022-05-31,1.5309212568925754,1.270662868878566,1.0158227917230411
2022-06-01,1.5215313992196045,1.2728158992843426,1.0134748363460435
2022-06-02,1.5441052165822124,1.2878405289163752,1.0213366937339787
2022-06-03,1.5293290451570039,1.278449450583547,1.013976851132627
2022-06-06,1.532612301979436,1.2853484759610843,1.0171203557743527
2022-06-07,1.544107514772856,1.3064121823431154,1.0247355214237301
2022-06-08,1.5299002761982186,1.2920905230135258,1.0166626045591987
2022-06-09,1.5038500695143429,1.2727803031825045,1.0075294960106014
2022-06-10,1.4750710711309605,1.2548471886373302,0.9993283491755194
2022-06-13,1.4264786118497073,1.1997123710555953,0.9684926119559223
2022-06-14,1.4193114382012115,1.190066653427678,0.9624261568018261
2022-06-15,1.4377829109713671,1.1969131083407945,0.9677871344650626
2022-06-16,1.4045518937164716,1.1574699161967317,0.9525479929344476
2022-06-17,1.4031179728454903,1.1443793979591979,0.950287042870941
2022-06-21,1.4214722317882842,1.1632985267467917,0.956432069283168
2022-06-22,1.41667476776922,1.1414700378771387,0.9514158077544028
2022-06-23,1.4197639967480047,1.1235197664548198,0.9465157364001897
2022-06-24,1.4495393227200308,1.1526603398741593,0.9615438645132008
2022-06-27,1.4491156338012567,1.1594576382906892,0.959091955645358
2022-06-28,1.436485627878315,1.1564885156998552,0.9556922278172248
2022-06-29,1.4304858815514359,1.1371491683520336,0.9527489733246088
2022-06-30,1.419681062104542,1.1132630991234347,0.9444989285283617
2022-07-01,1.4287873077906414,1.116374116063332,0.9474048762521045
2022-07-05,1.415953828770934,1.0767510093791621,0.9378842304666648
2022-07-06,1.411881249624757,1.075397862540881,0.9366117226453836
2022-07-07,1.4327683117590082,1.0971336666523366,0.9419339502635243
2022-07-08,1.4332595376691468,1.1126833355230228,0.9456954184379006
2022-07-11,1.418869719850038,1.1079445590674135,0.9451065422238418
2022-07-12,1.4102332128058461,1.0751948340280832,0.9354398234647207
2022-07-13,1.4095027596226823,1.075305560570431,0.9349787223211284
2022-07-14,1.397789694048603,1.0711851109043502,0.9345386570719957
2022-07-15,1.4166931219835428,1.0858492496177783,0.938941035814465
2022-07-18,1.4175161571673123,1.10094559700509,0.9434731145866646
2022-07-19,1.4447746820763079,1.1104681671389134,0.9461388195064317
2022-07-20,1.4473546415595884,1.1082089054839093,0.9444835538493397
2022-07-21,1.456985156802534,1.1001410681165418,0.9451349008889942
2022-07-22,1.4504761638192945,1.091376835947728,0.9446232531907846
2022-07-25,1.4575162006360982,1.106843749885098,0.9472045324283609
2022-07-26,1.4478810732262275,1.105409357817734,0.946086974982247
2022-07-27,1.473186976088263,1.1247603078745665,0.9542127151544243
2022-07-28,1.488010902398844,1.1356906689339803,0.9599981921539704
2022-07-29,1.499585661418752,1.1456161491479124,0.9642926735397918
2022-08-01,1.495873767171888,1.1317700826713906,0.9610281052868037
2022-08-02,1.4822985376118718,1.1235571515739489,0.957858541446613
2022-08-03,1.4951718040739206,1.1207920905593751,0.9559999881278655
2022-08-04,1.4974874110007306,1.115312793706838,0.955439768839145
2022-08-05,1.4941893848818013,1.1138546274709025,0.9514196428665942
2022-08-08,1.5005197564105193,1.1245529065779694,0.9548869107476773
2022-08-09,1.494641656234496,1.1274585995011133,0.9542494429380605
2022-08-10,1.5197522774084773,1.1435678658341473,0.9597963325457143
2022-08-11,1.5224157896492736,1.1560752088390713,0.9608444418108659
2022-08-12,1.5395261166913026,1.1616494728840372,0.9634010463958563
2022-08-15,1.5370239659714315,1.1509475212809748,0.9597585860411036
2022-08-16,1.5378017685131702,1.1438433645614992,0.9564998828378013
2022-08-17,1.5261802669310207,1.1443446433948616,0.9557610726474203
2022-08-18,1.5281939712246297,1.1514327816035579,0.9584909457798396
2022-08-19,1.5106692898127903,1.146962218210998,0.955401068863442
2022-08-22,1.491307035671891,1.1458177519955626,0.9536711249649573
2022-08-23,1.4942230322496908,1.161962399860645,0.9604822041870135
2022-08-24,1.49766438542054,1.1684061234920442,0.9622716301218575
2022-08-25,1.5145185481234498,1.16260401515749,0.9608980602829166
2022-08-26,1.483199471553159,1.1570267605543494,0.9594598160355156
2022-08-29,1.4784021833978627,1.1684360162750769,0.9623731054581858
2022-08-30,1.4629901269244592,1.1522909457494863,0.959287006806226
2022-08-31,1.4537893017626453,1.1362634742567181,0.9538573632266596
2022-09-01,1.445275967335991,1.125734848129364,0.9496635017472936
2022-09-02,1.439209387494422,1.1274937649776844,0.9509952435642786
2022-09-06,1.4316487674664025,1.12456978885389,0.9495585525002432
2022-09-07,1.4490286305001223,1.1182196137981757,0.9484563339496245
2022-09-08,1.4536104400562244,1.1244157435136248,0.9490346560919377
2022-09-09,1.4757228721371043,1.1463650264799157,0.9546571838060872
2022-09-12,1.4906145660303731,1.1628157308790434,0.9592968595567415
2022-09-13,1.4460208889913424,1.1459558777462393,0.9529894471438362
2022-09-14,1.4502126299404376,1.1535839109520176,0.9548012531798613
2022-09-15,1.4351702389898089,1.1335964629091744,0.9490176568971425
2022-09-16,1.426656542941477,1.129220262086512,0.9478519826721431
2022-09-19,1.4330174353462688,1.1355160838038456,0.9481058627439188
2022-09-20,1.4179978325164144,1.1359370983435824,0.9470825719024819
2022-09-21,1.4028330394041946,1.1266267260511151,0.9435668455834737
2022-09-22,1.390176086679167,1.1204533810225823,0.9394533343285141
2022-09-23,1.3621160215075567,1.0890411755434681,0.9291102809540284
2022-09-26,1.3422728401215986,1.0662832789241865,0.9185819214072657
2022-09-27,1.338521621358829,1.0703421543299343,0.9196653482097756
2022-09-28,1.3659985697716983,1.09292333623904,0.9294723314088773
2022-09-29,1.344197500433531,1.0805555411724739,0.9247616877801556
2022-09-30,1.3359482615460512,1.0735235046579408,0.9229946204853999
2022-10-03,1.365462064752054,1.0903525544145032,0.9297659813582514
2022-10-04,1.402643527113965,1.1179176041221135,0.9382545760512349
2022-10-05,1.3961429175398004,1.1240547457100807,0.9376724784146794
2022-10-06,1.3839921209460173,1.1198932774494115,0.9348840513709346
2022-10-07,1.3592380919596472,1.1118561733670473,0.9325155884357117
2022-10-10,1.3496160274383637,1.1132195432624314,0.9335564265644682
2022-10-11,1.3423613990969858,1.1028321495358189,0.9317315103771004
2022-10-12,1.338286956224494,1.0989375819243818,0.9307769083210827
2022-10-13,1.3590977288970225,1.1231148712256298,0.935748393352446
2022-10-14,1.3343559604741302,1.10189136126712,0.9305012115088687
2022-10-17,1.3604425170655423,1.108532374962633,0.9333531264484883
2022-10-18,1.369530888655643,1.1032095718242239,0.9327862917059063
2022-10-19,1.3539656743970343,1.0969589145155938,0.9279593497948105
2022-10-20,1.3475162780593881,1.0936863596343316,0.9247180627112537
2022-10-21,1.3682102241743734,1.1011935659346457,0.9282335117951391
2022-10-24,1.3685911893892768,1.1081646429279597,0.9293198791079351
2022-10-25,1.3908394792993377,1.1180225221660962,0.9323989023927486
2022-10-26,1.3974849587578733,1.1259312980549019,0.9336026295950882
2022-10-27,1.395101283476876,1.1209919940282056,0.9336300405232776
2022-10-28,1.4093341334438525,1.125888671092252,0.9348356242004938
2022-10-31,1.403248375197706,1.1361236025346406,0.9357494388778447
2022-11-01,1.4097234555457652,1.1402516947556,0.9385306366899624
2022-11-02,1.387415216875448,1.1287110271761893,0.933912612745148
2022-11-03,1.3811044545470526,1.1242218247813398,0.9306383727536831
2022-11-04,1.4111339517668653,1.151973812951344,0.9382282327680339
2022-11-07,1.41672093541645,1.1582782957176778,0.9383208707755765
2022-11-08,1.4239188654188903,1.1483365044511102,0.9369841350474158
2022-11-09,1.4009426563115117,1.1226810385371118,0.9329191550070574
2022-11-10,1.4623241224973786,1.146478819527492,0.9437119658891326
2022-11-11,1.4773711233389415,1.1511240250169932,0.944400892220544
2022-11-14,1.4662189321989847,1.1405973938562566,0.9399183624809876
2022-11-15,1.481244171187078,1.1497336920698848,0.9447998972948279
2022-11-16,1.4704972010886395,1.1384586409742858,0.9429458923220558
2022-11-17,1.4646707052855825,1.1307655621017108,0.9391771512110116
2022-11-18,1.4670848643858043,1.1285813325773584,0.938901109979454
2022-11-21,1.4628768113937416,1.129440461304213,0.9390137309928764
2022-11-22,1.4786982257431838,1.1420871218994226,0.9416152842584725
2022-11-23,1.485443619362907,1.1375354698281903,0.9421044934503651
2022-11-25,1.4866563756392592,1.1386163281510766,0.9437735634960646
2022-11-28,1.46895282794931,1.1254991892398676,0.9405247674982499
2022-11-29,1.4751382486018514,1.1324156368449583,0.9416708040071825
2022-11-30,1.506117895402159,1.1442461804720194,0.9478424289519017
2022-12-01,1.5092423652905196,1.1384935345221345,0.9475913641254001
2022-12-02,1.5090178967305587,1.1253395017137942,0.9452920973111063
2022-12-05,1.4834777601261446,1.0929044168758617,0.9356803017990195
2022-12-06,1.4722279211251197,1.0746926602300007,0.9322702964951071
2022-12-07,1.4736128371344779,1.0797616027120354,0.9347497363768857
2022-12-08,1.4807592324546757,1.0803660517678184,0.9339263790266406
2022-12-09,1.4732263831260808,1.0765288696039799,0.9326079508625017
2022-12-12,1.4843081395327167,1.0921533603573252,0.9360356261062576
2022-12-13,1.4984601302253149,1.1017079133266798,0.9384817613169418
2022-12-14,1.4940641051218764,1.0945165392828704,0.9369339967760035
2022-12-15,1.4691502470916233,1.088468245326471,0.9345040669166075
2022-12-16,1.4571445925655353,1.0776919058694874,0.9322583148976186
2022-12-19,1.448928372950409,1.0731396540474543,0.9307323800274553
2022-12-20,1.449751928368512,1.0716020685896759,0.9311512187382293
2022-12-21,1.4670320594601933,1.0848009482154815,0.9366004179500894
2022-12-22,1.453378935913206,1.0731017152747515,0.9351078074077276
2022-12-23,1.4598034230315053,1.0806016030668655,0.9364313657274619
2022-12-27,1.4597585012861332,1.0882974447746465,0.936353305907964
2022-12-28,1.4431346167055223,1.0805988087863865,0.9366399228188624
2022-12-29,1.46277397613606,1.0847443597934925,0.939070081890577
2022-12-30,1.4563812088174313,1.0854871321491173,0.9382814166659841
2023-01-03,1.455630743581583,1.0674106519489879,0.9335695441329739
2023-01-04,1.4714587204290321,1.0504226262861147,0.9298013184347735
2023-01-05,1.458793655997811,1.0393070354604106,0.9274094603330839
2023-01-06,1.4874165465688236,1.049407860349564,0.9324897624921795
2023-01-09,1.4903287294083032,1.0491929980197396,0.9330034819838884
2023-01-10,1.4954725106832913,1.0450030954923255,0.9320796461771719
2023-01-11,1.5101245738801614,1.0522401022696704,0.9338891121645494
2023-01-12,1.522897402644305,1.064526081967398,0.9406899146300517
2023-01-13,1.5266635666501205,1.0696250109743242,0.9412977221982362
2023-01-17,1.5252863256266864,1.0830616002255942,0.9446726178142634
2023-01-18,1.5121646896931653,1.0699108772537225,0.9431472632221712
2023-01-19,1.5074332210109689,1.0757454793372485,0.943708627674371
2023-01-20,1.52307764863034,1.0830998519718114,0.9447294197640412
2023-01-23,1.532993113115655,1.08148305583286,0.9426601695460484
2023-01-24,1.5326700811900167,1.0773634120583004,0.9443127786124226
2023-01-25,1.5348125078759907,1.0744376077627933,0.9442381566966942
2023-01-26,1.542822496919208,1.0801424408704603,0.9478988333530738
2023-01-27,1.54182714058958,1.0716693492769342,0.9450323448678931
2023-01-30,1.5260740027477642,1.0583744463141422,0.9418304213450263
2023-01-31,1.542921082776092,1.069061603405099,0.946538870667804
2023-02-01,1.554368729609274,1.0497473507530708,0.9443064419496423
2023-02-02,1.5612254759619417,1.0429349528462055,0.9421941239023501
2023-02-03,1.5429977916785431,1.0366717058887087,0.9381786765148343
2023-02-06,1.5319480347315433,1.0370640640647606,0.9356959294655909
2023-02-07,1.5419189441956693,1.0439840457542864,0.9380684418686699
2023-02-08,1.5325619968256925,1.0409512330483446,0.9380375097357844
2023-02-09,1.5234141754699566,1.0321982070490496,0.9340664911751626
2023-02-10,1.5249558721070828,1.0496577731351628,0.9391695697033967
2023-02-13,1.5361421146720353,1.0494595713155117,0.9402416948584478
2023-02-14,1.5364799804175728,1.059525005718726,0.941311114216549
2023-02-15,1.5360230803789887,1.0614002729524834,0.9393364237778975
2023-02-16,1.5250393884759046,1.0540199724363168,0.9374734232392304
2023-02-17,1.5221578091357812,1.0464137285648092,0.9359849145087824
2023-02-21,1.4981138673675354,1.045984362096891,0.9353803686844758
2023-02-22,1.4951882964536476,1.0346077619895968,0.9322574945043087
2023-02-23,1.5030291903729116,1.0416619191115686,0.932970036845669
2023-02-24,1.487661564473554,1.0359732547955876,0.9275660680735426
2023-02-27,1.4940110386279635,1.0380607950621288,0.9283479765396941
2023-02-28,1.4905773996587894,1.0359144837519643,0.925805688678485
2023-03-01,1.4933082039393417,1.0486857860523406,0.9286189914228348
2023-03-02,1.497460537129542,1.0478332165997826,0.9286108433319713
2023-03-03,1.516587621484054,1.0599232129645826,0.9333608837786892
2023-03-06,1.5104888071384999,1.0599396335199716,0.9327485879165222
2023-03-07,1.4898273195260228,1.0436983665479118,0.9273883377531823
2023-03-08,1.4916863875189221,1.0394148003347543,0.9241889972461761
2023-03-09,1.4698298463167327,1.0266351638499147,0.9214365182180925
2023-03-10,1.4567823752749327,1.0290161886939029,0.9251710876884823
2023-03-13,1.4513260588773804,1.0208133191917026,0.9248544363008115
2023-03-14,1.462573293994536,1.0148174871674716,0.9241391190730734
2023-03-15,1.44459837144407,0.9932784484174201,0.9200369147720425
2023-03-16,1.4593093237441115,1.0021029197392786,0.9212740541561307
2023-03-17,1.4448582579163485,0.990818411813668,0.9217857653656447
2023-03-20,1.4550453602754783,0.9933140056277806,0.9223135199906389
2023-03-21,1.4678075748981754,0.9979008583587851,0.9228859921489282
2023-03-22,1.454684994262772,0.9947335313033169,0.924327088227549
2023-03-23,1.4554972102408537,0.9906279362618794,0.923707852591252
2023-03-24,1.461358789357602,0.9985624590560299,0.9281347416529034
2023-03-27,1.465590243308667,1.0124468262301873,0.9302811195756931
2023-03-28,1.4683311988139265,1.011729992445305,0.9312232776184756
2023-03-29,1.4820174754461308,1.0145126619358715,0.9321187773312767
2023-03-30,1.490682934616016,1.0174849150925802,0.9337436624828186
2023-03-31,1.5041337956048402,1.0241988106529634,0.937332646017476
2023-04-03,1.5112802203887274,1.0401358470323947,0.942920784845219
2023-04-04,1.506318160239512,1.0397971819304788,0.9429083928659849
2023-04-05,1.5019983067213878,1.037309206640296,0.9434981091854585
2023-04-06,1.5045118004250093,1.0364030623541718,0.9428193207481149
2023-04-10,1.5070554480158522,1.0431901392530571,0.9452034193822596
2023-04-11,1.5134338334112853,1.0474326236177216,0.9465867646256446
2023-04-12,1.5105298187224139,1.0505815861979373,0.9471567896769166
2023-04-13,1.5219801230277843,1.0523239291607398,0.9483810690589706
2023-04-14,1.515623269811163,1.052772518745141,0.9476615839887046
2023-04-17,1.5201459830314932,1.052462834736612,0.9475493864718282
2023-04-18,1.521374903569991,1.0534403317087493,0.9478365034455775
2023-04-19,1.5173787541383257,1.044591541641976,0.9443876574183752
2023-04-20,1.512653627739439,1.0377240625077462,0.9433070744261288
2023-04-21,1.5108818034763272,1.0338250468876518,0.9404175073145875
2023-04-24,1.5140141739678699,1.038915728058046,0.9434570512794518
2023-04-25,1.495290613295423,1.0267352565922074,0.9410527811839123
2023-04-26,1.4881822598133014,1.0133009714541341,0.9361326885603579
2023-04-27,1.5034160961336478,1.0137826078155237,0.9336926688575596
2023-04-28,1.5137572591716237,1.0182686848253555,0.9350158411028671
2023-05-01,1.5076953600989778,1.010977879437135,0.930659993433175
2023-05-02,1.4920625288069689,0.9932427246171097,0.926355856029712
2023-05-03,1.4887523006581806,0.9885389233763185,0.9270765008130009
2023-05-04,1.483482312428575,0.9892458033244121,0.9272056801263517
2023-05-05,1.5036025041356924,1.0035055637473478,0.9313846382866687
2023-05-08,1.503209256437199,1.0083784903957518,0.9313907933715223
2023-05-09,1.4980959652736687,1.0083261671094943,0.9300735616274802
2023-05-10,1.5002472053991143,1.0068494344375318,0.9309589188967881
2023-05-11,1.4942998541762909,1.0059481579335696,0.9319868821911744
2023-05-12,1.489560766350535,0.9998901480679222,0.9282198744364245
2023-05-15,1.499345917599089,1.0020641214452262,0.9277246856003506
2023-05-16,1.4839779523232521,0.9926635088265592,0.9230017916168624
2023-05-17,1.4961721110058255,0.9958112059780397,0.9223256598843601
2023-05-18,1.4971272986009376,0.9871686347949092,0.9184162281133224
2023-05-19,1.495487592012184,0.9859844696861036,0.9181194738382317
2023-05-22,1.4979980094623486,0.9827027106537048,0.9175125323614551
2023-05-23,1.4884120602091022,0.9869779340722559,0.9191613498046243
2023-05-24,1.476225937389533,0.985711792057745,0.9174717628015789
2023-05-25,1.4725091344523735,0.9760943356529433,0.9126968824814543
2023-05-26,1.4876321427148784,0.9905825210872035,0.9192802931832843
2023-05-30,1.4820882072012456,0.9804195583294196,0.9186582010964909
2023-05-31,1.4731661094286603,0.9709955407459195,0.9157055424709348
2023-06-01,1.487460612387244,0.9846713680626731,0.9217838922322746
2023-06-02,1.5091116282954842,1.0002671602443731,0.9269250781893169
2023-06-05,1.504551362013563,1.0023863387415766,0.9274054871788383
2023-06-06,1.5150389215523994,1.0050743927335526,0.9285919142429065
2023-06-07,1.5162339396512208,0.9999140125365837,0.9245482713245142
2023-06-08,1.5232792815139826,1.003805602694243,0.9283292222232432
2023-06-09,1.5205832993119845,1.002719067748358,0.9265537519369685
2023-06-12,1.5252632142287745,0.9960664955812837,0.9273423034422968
2023-06-13,1.5349544488056484,1.00103770050776,0.9273277845127195
2023-06-14,1.5358323277003219,1.001589451924403,0.9277059585195091
2023-06-15,1.5529042311371726,1.021042048940775,0.937443450407637
2023-06-16,1.550631258791123,1.0307992943008668,0.9415676088681099
2023-06-20,1.5376848156300262,1.0195419364743596,0.9372625499315907
2023-06-21,1.537345459796782,1.03287596988172,0.9437094105432526
2023-06-22,1.5292005845381385,1.0196264636026824,0.9384110100965413
2023-06-23,1.5165467826765215,1.0091359762325312,0.9320913454740343
2023-06-26,1.5205402159566357,1.012048136136033,0.9340145856686588
2023-06-27,1.5299239197371932,1.000198898079213,0.9281669424805088
2023-06-28,1.5285498151853274,0.9940088909518028,0.924956456272518
2023-06-29,1.5311450435193166,0.9939694884106668,0.9222590868776577
2023-06-30,1.5426668715681053,0.9931424058648024,0.9203198905070954
2023-07-03,1.5474169968919929,1.000290110415609,0.9231919464091295
2023-07-05,1.5404034804288071,0.9998533897338512,0.9219988916809719
2023-07-06,1.5228754934922433,0.9919387548832078,0.9161955736057183
2023-07-07,1.5287238637157063,0.9994224717341234,0.919332831304117
2023-07-10,1.5365182193088749,1.004048832268447,0.9223336672180927
2023-07-11,1.549406558664832,1.0132323955549454,0.9261020003904913
2023-07-12,1.5651035077349646,1.019053414592143,0.9307453927509038
2023-07-13,1.5793336752591336,1.023889563531648,0.934162830466138
2023-07-14,1.5715435305513277,1.0180549818123354,0.9302659591764781
2023-07-17,1.5743674971822326,1.019480425708168,0.9311110471665978
2023-07-18,1.58266071578128,1.0233765463259097,0.9317711761910927
2023-07-19,1.5889829837379594,1.0311234327023209,0.9347215009354582
2023-07-20,1.582726575606465,1.0310498142050462,0.9341602669042646
2023-07-21,1.5837016034306808,1.031421597267979,0.9349967461227597
2023-07-24,1.5906430740623745,1.037076982064406,0.9367571408803019
2023-07-25,1.5932569588413894,1.0397354143589432,0.9373834827540763
2023-07-26,1.5978612711068563,1.0443775676508122,0.9409762276258871
2023-07-27,1.5849896720628172,1.0392425636376552,0.937651520130254
2023-07-28,1.5992000539344324,1.0513387960723442,0.9433872647362079
2023-07-31,1.602870158665887,1.0571550387966806,0.9456140993047601
2023-08-01,1.5916682447764925,1.0496876151475614,0.940576456991264
2023-08-02,1.5716234511969658,1.0393895873916952,0.9358058782703991
2023-08-03,1.5679411111257018,1.0400902695342589,0.9345722261938585
2023-08-04,1.569619021781829,1.0454163137862755,0.9390579720349391
2023-08-07,1.5767968925316054,1.0482614861176336,0.9410272280945896
2023-08-08,1.5698718625740045,1.0440635136067384,0.939553528871541
2023-08-09,1.5683848634314963,1.049460803042933,0.9419385026960371
2023-08-10,1.5656311068603586,1.04391821082177,0.9395273108785059
2023-08-11,1.5613525205748193,1.0490888855267393,0.9403949404859919
2023-08-14,1.5596684304618997,1.0474661005773054,0.9393966918170787
2023-08-15,1.5424652126347118,1.0377068196928907,0.9355653257167351
2023-08-16,1.5322629682445439,1.033871248903711,0.9334665202330888
2023-08-17,1.5253390472165955,1.034240260681015,0.9328792263751448
2023-08-18,1.52704101111326,1.0359261797621522,0.9340957307291659
2023-08-21,1.528161743345054,1.0409953064716841,0.9343973652925205
2023-08-22,1.524792471810454,1.0378225503621428,0.9331647081340997
2023-08-23,1.540106289745498,1.0428035251770842,0.9379980117317576
2023-08-24,1.5282124599624554,1.0406249542394108,0.9350714390892555
2023-08-25,1.534347371331252,1.0470012853698134,0.9372048443021797
2023-08-28,1.5446979922736876,1.05501196646028,0.9407366458997424
2023-08-29,1.561670045976913,1.0616293479005865,0.9450423601140829
2023-08-30,1.563800145195534,1.0650386377796077,0.946216144122332
2023-08-31,1.559595906623238,1.0601772962212572,0.9422883979794456
2023-09-01,1.5646895951383495,1.0678090529843787,0.9439667205426323
2023-09-05,1.55164361567297,1.0669401678239436,0.9413121960967821
2023-09-06,1.5459940761480702,1.0632730369018284,0.9389227079948723
2023-09-07,1.5416572429151678,1.0633306086977181,0.9397532679665461
2023-09-08,1.5428095221790625,1.0667675657276405,0.9413429259654621
2023-09-11,1.5491479866013063,1.0656929079697572,0.9420631824636656
2023-09-12,1.547334636029282,1.0659526426022052,0.9416731567673149
2023-09-13,1.5450693521388124,1.0628807409755858,0.9412851890892804
2023-09-14,1.5575609032736248,1.0703118468595447,0.9443966468360716
2023-09-15,1.5481083082780251,1.0632828101088632,0.9404435043126997
2023-09-18,1.5453402120373245,1.0618688068750872,0.9408232887569664
2023-09-19,1.542320738923325,1.0616168654457663,0.940365907453468
2023-09-20,1.535759104700349,1.056465822716758,0.9388737045079779
2023-09-21,1.5141813215012236,1.0485675100369227,0.9340706945323931
2023-09-22,1.5158075602148469,1.0491160431836142,0.9350427968481007
2023-09-25,1.5148457095359493,1.0523494570589642,0.934572889793811
2023-09-26,1.498697155277208,1.0440784742358085,0.9305147598163934
2023-09-27,1.4984638317275107,1.0460054897555013,0.9305008208222717
2023-09-28,1.506157973774316,1.0472678025146218,0.9323136972591648
2023-09-29,1.502862874391206,1.0399981623248162,0.9295814470734087
2023-10-02,1.4887041768099998,1.0286807418096198,0.9251404293476123
2023-10-03,1.4725003348441872,1.0238096120273597,0.9224472974271597
2023-10-04,1.474840861305167,0.9972415550828592,0.9121921831325404
2023-10-05,1.4771760128593754,0.987099702663277,0.9073681209589189
2023-10-06,1.4885355902254098,0.9949829825235901,0.9103616912020591
2023-10-09,1.497197345197395,1.013321202315817,0.9182188629349042
2023-10-10,1.5083512585926804,1.0192215601698316,0.9219050947439466
2023-10-11,1.513787801376144,1.0132512319863816,0.9185125637579783
2023-10-12,1.4992995600258212,1.0102563531567026,0.916148822425342
2023-10-13,1.4979760807952762,1.029038779624416,0.9259831074997029
2023-10-16,1.5075537118842215,1.0288618324606262,0.9244260187963396
2023-10-17,1.5080602672223804,1.0316398262554827,0.9253004411744152
2023-10-18,1.4904752862424642,1.0324541495358401,0.9252193630731477
2023-10-19,1.479060888177417,1.036361395664257,0.9266211625315367
2023-10-20,1.4668307603793072,1.024142479586378,0.9216850076389369
2023-10-23,1.4632339375141161,1.017179052676123,0.9203017018843552
2023-10-24,1.4713969252264636,1.0105758588410927,0.918389826866937
2023-10-25,1.457012228313971,1.0082952474466862,0.9153179518268199
2023-10-26,1.4556125818195016,1.005302428812113,0.9167921710346048
2023-10-27,1.4493326444992243,1.0071307811634282,0.9165820855033023
2023-10-30,1.4577267685916828,0.9996706174634584,0.9153856223777519
2023-10-31,1.4629109814954955,0.9955340256326071,0.9115824034417425
2023-11-01,1.4738344851571072,0.9991422532476667,0.9136090354629143
2023-11-02,1.5006862860577819,1.0203166720971715,0.9245749780185689
2023-11-03,1.5193962590448011,1.0169669435156343,0.9248525026589426
2023-11-06,1.5134286391968013,1.015911494257729,0.9245794166645497
2023-11-07,1.5088171947299753,0.9949888848866887,0.9156674070629496
2023-11-08,1.5062119057690222,0.9828190760040971,0.9102429264989083
2023-11-09,1.494423347515394,0.9791262199494919,0.9076407108572109
2023-11-10,1.5058623694446247,0.9902626189279928,0.9101671896633556
2023-11-13,1.5077130360952544,0.995900185203404,0.9120782038910844
2023-11-14,1.5433434517545785,1.0063889756726447,0.9196130709541273
2023-11-15,1.5453105917941004,1.0015433969870828,0.9167140729732925
2023-11-16,1.5395215670420972,0.9825594569695476,0.9115726740558793
2023-11-17,1.5481382942150734,1.0010824475275066,0.919833509671531
2023-11-20,1.5562679973821802,1.0127393721694904,0.9248824877189348
2023-11-21,1.5516201504693936,1.0122178949410408,0.926258223337002
2023-11-22,1.5544522972310126,1.0066500470037818,0.9238076325515641
2023-11-24,1.5570318321295127,1.0035852184518304,0.9224999428486989
2023-11-27,1.5551986054169442,0.9992266715439246,0.9226208736397568
2023-11-28,1.5589558845549845,1.0076250970329748,0.9287150655737265
2023-11-29,1.5629259454354147,1.0108007451673355,0.9296533673249462
2023-11-30,1.565342657914903,1.001121565752368,0.9263308228612509
2023-12-01,1.5820282270777273,1.001575037921684,0.9296273756573593
2023-12-04,1.5764136875001287,0.9924604170796095,0.9244421764992334
2023-12-05,1.571389108387227,0.9842321866805173,0.9215309140565943
2023-12-06,1.5678184923775647,0.9633713491725532,0.9125832781309019
2023-12-07,1.5750861293348386,0.9663576200393847,0.9138570882530135
2023-12-08,1.5763938768888879,0.9740951649174974,0.9145986520360598
2023-12-11,1.5797719912552577,0.9729174843360943,0.9116835881880827
2023-12-12,1.5799525252371442,0.9586819370869027,0.9066795703337801
2023-12-13,1.6071127555867366,0.9709757942043437,0.9142532891395901
2023-12-14,1.6283835926122856,0.9954805324119175,0.9275814630773594
2023-12-15,1.6212847380469675,0.9961048626980367,0.9273797822881679
2023-12-18,1.6228693728393875,1.0033003786508736,0.9297194058978269
2023-12-19,1.6353174999917968,1.0122604456191353,0.9335097690491532
2023-12-20,1.615240557857595,0.9997251551311641,0.9282012817543287
2023-12-21,1.633033325309106,1.0086868104498607,0.9331219955200907
2023-12-22,1.6353260559474436,1.0054926558459172,0.9313430237854824
2023-12-26,1.644580016960462,1.0138121440371535,0.9327463472223906
2023-12-27,1.6498626951964486,1.0082434954762767,0.931268217233253
2023-12-28,1.648884443015836,0.9974463915134303,0.9269833199717538
2023-12-29,1.6431850524108926,0.9933387302256318,0.9258718490679079
2024-01-02,1.6341693027713082,0.9895190189650084,0.9249606296850004
2024-01-03,1.621911352335302,0.9860911365669927,0.923028706784804
2024-01-04,1.6198450371699842,0.9829229068581364,0.9222650892428311
2024-01-05,1.6217431364467307,0.9889038262551112,0.9226926147550745
2024-01-08,1.6339825510965866,0.9894444024324,0.9248929127730212
2024-01-09,1.6273521900856034,0.9811442438896512,0.9228807890132191
2024-01-10,1.6289163699957403,0.9810485196674232,0.9232224200246765
2024-01-11,1.6291443936038066,0.9846509052663316,0.9260477509713153
2024-01-12,1.632844921350358,0.9919231538637747,0.928544368900436
2024-01-16,1.6143093060632325,0.9783182219430742,0.9245516704845157
2024-01-17,1.6019929553061327,0.9703885178059309,0.9207486364550206
2024-01-18,1.609079309780271,0.9745152389175206,0.9221832251812626
2024-01-19,1.6196157698242704,0.980528196398349,0.9237056940181866
2024-01-22,1.6228267784526655,0.9798586497138937,0.924269958579653
2024-01-23,1.6242835836997924,0.9809567301782879,0.925576489713484
2024-01-24,1.62714245825124,0.9880274497690991,0.9294387627618503
2024-01-25,1.6354260284204225,0.997034722188622,0.9336709878528296
2024-01-26,1.6364849922950646,1.0027119570756864,0.9354090473532709
2024-01-29,1.6440886113015063,1.0046275834507605,0.9368700943002888
2024-01-30,1.642956265772696,1.00869972256074,0.938427264891611
2024-01-31,1.628485324694962,1.000269099300579,0.9371158971773534
2024-02-01,1.6421516569671755,1.006634112433608,0.9409513184751636
2024-02-02,1.636596533228205,1.0010948143813465,0.9369640167030676
2024-02-05,1.6265527786034641,1.0013485534974336,0.9372236214903857
2024-02-06,1.637853796611334,1.0104730926372134,0.9407221803097223
2024-02-07,1.6397588333284276,1.0109903904743256,0.9401271990941095
2024-02-08,1.6412332277905402,1.0130964620230738,0.9419795446368575
2024-02-09,1.646492230439113,1.014125554677932,0.942473840336053
2024-02-12,1.651974273438255,1.017039400551371,0.9441018775316786
2024-02-13,1.6246538375146093,1.0026068013705083,0.9370193981591363
2024-02-14,1.6381436040803246,1.0074765541168442,0.9388135727410775
2024-02-15,1.6539821246571775,1.0201639842248942,0.9437341931201125
2024-02-16,1.6502017600708838,1.0200250392579653,0.9428548897339752
2024-02-20,1.6475889324342288,1.0216022828791882,0.9444446085696581
2024-02-21,1.650869604820183,1.026043854230165,0.945547603198314
2024-02-22,1.6649347932078298,1.0300748888838964,0.9464590046082929
2024-02-23,1.6650612227020198,1.0256583558666001,0.9458803554509576
2024-02-26,1.6626492405410889,1.0267232931932337,0.9465395682781516
2024-02-27,1.6679646932895857,1.027890503959372,0.9458883721413406
2024-02-28,1.6626581694882852,1.019356858071018,0.9439401678966122
2024-02-29,1.6679059217225418,1.022193322305329,0.9453166300882563
2024-03-01,1.6813661680095653,1.032657887055662,0.9480591350908008
2024-03-04,1.6815736145124907,1.0303769791831314,0.9460799971226228
2024-03-05,1.6750686466630484,1.0279595846694567,0.9446394815887023
2024-03-06,1.6864087606641742,1.0313577292978466,0.9453069030339346
2024-03-07,1.6966819980046084,1.0395136280562975,0.9503569372386212
2024-03-08,1.6935283987989178,1.0373977363371119,0.9506490631163425
2024-03-11,1.692673202925694,1.0388730323980708,0.9518886300496454
2024-03-12,1.698036188935525,1.0393856862025859,0.9522315583400335
2024-03-13,1.699275056790723,1.0446391361736234,0.9519813413175998
2024-03-14,1.6879448010628402,1.044976938859468,0.9511748367129123
2024-03-15,1.6849973787656558,1.043709824848161,0.951748203025103
2024-03-18,1.68671127799033,1.0447694961539107,0.9514769707502417
2024-03-19,1.692032175395264,1.0484115541856025,0.9550682540709984
2024-03-20,1.706504510869207,1.0593558335943927,0.9587496283209819
2024-03-21,1.711897139203984,1.0623541027501495,0.9619541069840284
2024-03-22,1.7051944202601599,1.0585176504145983,0.9615882356450391
2024-03-25,1.7042137369147639,1.0624489062762226,0.9628787244584508
2024-03-26,1.7012914252199696,1.0583279113123683,0.9589257072013558
2024-03-27,1.7170610570997147,1.066773755719468,0.9620853872170472
2024-03-28,1.7213276088989777,1.0756343145618363,0.9659736892758878
2024-04-01,1.7165774512127925,1.0789516364192715,0.9665673262060782
2024-04-02,1.7089200908871427,1.072622390126724,0.9641888372420894
2024-04-03,1.713341216569379,1.0771151937659011,0.9659962188727609
2024-04-04,1.7028598158506933,1.0720610167588862,0.9663535186122904
2024-04-05,1.7112793655979346,1.0862442467604223,0.973104852866878
2024-04-08,1.716568221326396,1.0881490712039672,0.9744875904115416
2024-04-09,1.7219380984990775,1.087276410180731,0.9740129127059778
2024-04-10,1.698468192977004,1.0756176282548044,0.9671708798518656
2024-04-11,1.7023730133334398,1.0793506752695392,0.9677581371159388
2024-04-12,1.682388785145539,1.0651108644041616,0.962903179014752
2024-04-15,1.6699681006359781,1.0577292666821185,0.9606985590533932
2024-04-16,1.6605208518807806,1.0483927290510262,0.9550817483251317
2024-04-17,1.6567636464911013,1.0454469853961135,0.955837004096681
2024-04-18,1.6558393949998218,1.0445517025519528,0.9562314000677479
2024-04-19,1.6571070108206587,1.043599235149967,0.9591142013010318
2024-04-22,1.668730478252118,1.0519218759601883,0.9622338970932781
2024-04-23,1.6837713135192587,1.0646000198859922,0.9671481163463945
2024-04-24,1.6822814995223927,1.065533683959476,0.9671531351973978
2024-04-25,1.6794891855917036,1.0664090410803584,0.9660713179345438
2024-04-26,1.6880641139642985,1.0763992739752164,0.9701740699284942
2024-04-29,1.6961719091249676,1.0783635054261258,0.9718625618608823
2024-04-30,1.67261207988328,1.055884736022717,0.9637462159763065
2024-05-01,1.6710406697978166,1.0457932703232506,0.9621487492606969
2024-05-02,1.6895602183066496,1.0554556904832013,0.9672218213120871
2024-05-03,1.7040150678694395,1.0684749623198226,0.9726188032476863
2024-05-06,1.7157222163230335,1.0771065186161148,0.9751130028127595
2024-05-07,1.7171954092212263,1.078086977269605,0.9760637084636447
2024-05-08,1.714273486752807,1.077994528315445,0.974929370846899
2024-05-09,1.7265203981789572,1.0833470405200334,0.9785895755468295
2024-05-10,1.7269508454380944,1.0858984601671742,0.9787614702732853
2024-05-13,1.7296422587074067,1.0788686000598837,0.9749924458174162
2024-05-14,1.7378697689776492,1.0884735622812935,0.9789451234844666
2024-05-15,1.7543308365814103,1.1029173183284513,0.9843087841677867
2024-05-16,1.7513318563806006,1.0969171780982594,0.9833540027938567
2024-05-17,1.756866185707931,1.1040080471405869,0.9874987128707452
2024-05-20,1.757576683611416,1.1080234383358545,0.988139096546421
2024-05-21,1.7564200015903915,1.1081776806475512,0.9885729761385275
2024-05-22,1.7470346315472556,1.1017774118180088,0.9853707609840514
2024-05-23,1.7311738559830114,1.0985495055164733,0.9827838875040329
2024-05-24,1.7391100143982148,1.103295062702997,0.9838549235003939
2024-05-28,1.7382122488603327,1.1088159643453144,0.9848693398854861
2024-05-29,1.7195093015462894,1.095684523899373,0.9792785283878169
2024-05-30,1.7231334814345427,1.096357665528496,0.9807829468244836
2024-05-31,1.7332894196006683,1.1017420909661662,0.983695116402233
2024-06-03,1.7340148854051578,1.0919682550444196,0.9796493831312623
2024-06-04,1.7260205038604555,1.079121404759911,0.9750890905205452
2024-06-05,1.7407175451776427,1.0985714450201138,0.9821207396046999
2024-06-06,1.7429633566778733,1.0968968337391767,0.9814363049065676
2024-06-07,1.7281103232988904,1.0846143099966408,0.9730940728038296
2024-06-10,1.7319568880256027,1.085369554983196,0.97163176526577
2024-06-11,1.7290701445969991,1.0831052881723735,0.9705206971012735
2024-06-12,1.7414772997366168,1.095522228136449,0.9752562583864626
2024-06-13,1.7375056888564695,1.095582677877289,0.9764388984941849
2024-06-14,1.7314144118168344,1.0871428023612142,0.9714821936333854
2024-06-17,1.7373206504396836,1.092113681670139,0.9726267274781046
2024-06-18,1.7449816030776328,1.1007351532379752,0.9775829061965698
2024-06-20,1.7433197411126111,1.0974804506259164,0.9781196859616114
2024-06-21,1.7389538677314773,1.0912560779974385,0.9768687451363047
2024-06-24,1.7461393265537928,1.092741299384516,0.9785848149119721
2024-06-25,1.7403466879221736,1.0906221340191626,0.9767040399254603
2024-06-26,1.7340319634750914,1.0827301189918714,0.9721928758593168
2024-06-27,1.737366997765432,1.082551083719805,0.9733672980511248
2024-06-28,1.736903360592148,1.0854554896955513,0.974389721642187
2024-07-01,1.734143657230218,1.0846388493953698,0.9716121292109633
2024-07-02,1.7403807476503765,1.0915792622518257,0.9781103775667284
2024-07-03,1.7511921611270027,1.103188091042526,0.9830554892858219
2024-07-05,1.7553226521268226,1.1074250021327587,0.9879519539564493
2024-07-08,1.7543096186907476,1.1107466257619405,0.9877075269779725
2024-07-09,1.753248738360576,1.1082031825071674,0.9871203099886701
2024-07-10,1.7662805684908007,1.1208037153674382,0.9919018600482413
2024-07-11,1.7799779382605019,1.1176614733078354,0.9921176741994632
2024-07-12,1.7905830068962436,1.1259260180439175,0.9961296195545074
2024-07-15,1.7876777061294638,1.1280401614948905,0.9976015176360791
2024-07-16,1.804428601563426,1.1380713366723127,1.0027108012832684
2024-07-17,1.7935307445327013,1.1123699574635473,0.9956321154998765
2024-07-18,1.779981775846564,1.109835566559623,0.9907798350451146
2024-07-19,1.768977111606057,1.099044652547525,0.9862717693285693
2024-07-22,1.7832799328742523,1.11664386888836,0.9942994748982571
2024-07-23,1.7778188067067435,1.1096072133082853,0.9913870725305493
2024-07-24,1.756210323882631,1.0805429320511044,0.9781247251535129
2024-07-25,1.7545308068926195,1.074160519807534,0.9742750347327381
2024-07-26,1.7706072302628297,1.0880163842913066,0.9820851122162477
2024-07-29,1.7674010908171511,1.084486823085018,0.9800412512213085
2024-07-30,1.768013615867941,1.076573087280224,0.9784801589195247
2024-07-31,1.7863043717783333,1.0991965706098306,0.9872403350305107
2024-08-01,1.763315666781002,1.070716882158706,0.9788906233133536
2024-08-02,1.7425523605451545,1.0432693169319924,0.9659876799471541
2024-08-05,1.708395320225283,1.0108583330939365,0.9436573372985299
2024-08-06,1.7159309197249613,1.0180161212213352,0.9486732496101289
2024-08-07,1.713515531320246,1.0098145603155262,0.9466209295566894
2024-08-08,1.739839995005851,1.0378734749003384,0.9606480047906335
2024-08-09,1.7451978275909628,1.0394589669050975,0.9619184188810805
2024-08-12,1.7454154566193827,1.0403408843601232,0.960620981828678
2024-08-13,1.762768995577055,1.059746933927612,0.9712395026574734
2024-08-14,1.764108783685815,1.0601839829745219,0.9720822886745674
2024-08-15,1.7818603912357285,1.082483969608245,0.98253114984681
2024-08-16,1.7882637920155529,1.081940618790188,0.9830366513465079
2024-08-19,1.8023740600442484,1.096090756541855,0.9909505898567197
2024-08-20,1.796223272011227,1.0878455964194225,0.9881716313574874
2024-08-21,1.8045675247657658,1.096422264601559,0.9908402868932824
2024-08-22,1.7927880538992758,1.0833034889125106,0.9855877671971148
2024-08-23,1.8179739160514956,1.098396617342059,0.9909103876925709
2024-08-26,1.8152488282960488,1.0900343669044399,0.9887994356858224
2024-08-27,1.8157722684004727,1.0933843196243365,0.991555650315062
2024-08-28,1.8079446931369845,1.0845111988805998,0.9878265190512555
2024-08-29,1.812049629589051,1.0844590912158858,0.9890368218038187
2024-08-30,1.8188163747428086,1.095856418706366,0.994508021452137
2024-09-03,1.7941793046539,1.0643868278307387,0.984264229960642
2024-09-04,1.7930706685859,1.061112729362312,0.9825861502606803
2024-09-05,1.7926383005300646,1.0584311127152668,0.9806466922669911
2024-09-06,1.772527712388266,1.0380397593736244,0.9695721075744228
2024-09-09,1.7849522082967735,1.0478089691171455,0.9763022635146678
2024-09-10,1.7847296469851242,1.0497139747553583,0.9768076892173252
2024-09-11,1.792845073301274,1.0630044861239658,0.9811057792151793
2024-09-12,1.8061182245392118,1.0725972989250026,0.9862870842304016
2024-09-13,1.8194173027229694,1.0826470785971054,0.9916764334405507
2024-09-16,1.8277106870405462,1.0817885075862275,0.9928786027124403
2024-09-17,1.828421629088241,1.0859485350471736,0.994857278579164
2024-09-18,1.8227541846468547,1.0820602895295068,0.9935974949227215
2024-09-19,1.846673962109909,1.1068530716681269,1.005432675374166
2024-09-20,1.8412693987547595,1.0996129572954683,1.0026442611499529
2024-09-23,1.8475870849672038,1.10363274883382,1.005413105121172
2024-09-24,1.8606342480052311,1.1101993688458565,1.00872741641614
2024-09-25,1.8494174339870182,1.1049707333533139,1.0043701284371254
2024-09-26,1.863618433098452,1.1129372411140301,1.006786409542629
2024-09-27,1.8669839472864582,1.1118246541519607,1.0070062131248123
2024-09-30,1.8647260879146437,1.1098955329309415,1.0071459523619584
2024-10-01,1.8603435997894509,1.097837593032452,1.0026796602712729
2024-10-02,1.863276090986931,1.0932426850191281,1.000659539882869
2024-10-03,1.8554235298893649,1.0885229921946311,0.9972073749327739
2024-10-04,1.863421191613951,1.0925204066744516,0.997786321789739
2024-10-07,1.854835025045606,1.0855156708267417,0.9910727217919716
2024-10-08,1.8503530447662795,1.090830788644359,0.9951545225928989
2024-10-09,1.8533250435426305,1.0942137376194445,0.9970113538460428
2024-10-10,1.8528751461578976,1.0894071172432485,0.9951439606027688
2024-10-11,1.8652181372746377,1.0966406548206658,0.9992418465086527
2024-10-14,1.8682683768118014,1.1018835888590781,1.0012339784145439
2024-10-15,1.855918290728125,1.0956383860094594,0.9996074124145943
2024-10-16,1.8655420166957337,1.102161857669181,1.0031289336124025
2024-10-17,1.8623928924393005,1.1026153908172918,1.0004044081979735
2024-10-18,1.8684876396057106,1.1062519621360878,1.002033040344732
2024-10-21,1.8545599404448485,1.097562647674732,0.9970154132217152
2024-10-22,1.853575866747197,1.0937103254854659,0.9945927834579025
2024-10-23,1.8435692349279384,1.0859854825784727,0.9911180048113095
2024-10-24,1.8471144122762795,1.0912775451034042,0.9926176571996568
2024-10-25,1.842015519073525,1.0873024499847372,0.9892170031772621
2024-10-28,1.847177669418657,1.0940851568970213,0.9930402481871503
2024-10-29,1.8436750133297075,1.0928053708256715,0.9926227038816268
2024-10-30,1.8397165088047078,1.089918683814308,0.9911587577544466
2024-10-31,1.8242156715941018,1.0786607237525685,0.9869682905143385
2024-11-01,1.823044394364197,1.0816078716722801,0.9873918735457375
2024-11-04,1.828293667448466,1.0786608138973373,0.9867565026970395
2024-11-05,1.8452580272400698,1.0885346556902167,0.9917328227141119
2024-11-06,1.8585425966084288,1.0812492379403291,0.9933924155156368
2024-11-07,1.8735946436105657,1.0925618809886337,0.9982535077221735
2024-11-08,1.8697271384465763,1.0888022304101574,0.99790484756196
2024-11-11,1.8689646567278453,1.0845116474133605,0.9971867544852463
2024-11-12,1.8504679365845675,1.0702197767130044,0.9906246192047115
2024-11-13,1.846302173827929,1.0651414110199773,0.989106024285239
2024-11-14,1.838923506820165,1.0682152654390997,0.988294593167885
2024-11-15,1.8297854962849094,1.0622861484552533,0.9863974575317535
2024-11-18,1.8412873495964348,1.0684092741199138,0.9893521674539858
2024-11-19,1.8436265095179651,1.0680080926850872,0.9896889748330262
2024-11-20,1.8439156439643187,1.067529188145025,0.9895309038927215
2024-11-21,1.854031737068375,1.0745638808041105,0.9913745870240591
2024-11-22,1.8629786695138975,1.0837459521530444,0.9955098241409213
2024-11-25,1.8712878768291576,1.0875724608435373,1.0004306005330776
2024-11-26,1.8683487291055076,1.0834515977124002,0.9994851301595685
2024-11-27,1.8694489661312197,1.0842606275752402,1.0016498205834532
2024-11-29,1.8784417009743877,1.092183933129368,1.0048605763350391
2024-12-02,1.8757401286768987,1.091850192980022,1.0037204003918565
2024-12-03,1.875437510200762,1.0970433439248177,1.0050848642847616
2024-12-04,1.8783260641381148,1.1000393775331094,1.0069710954104252
2024-12-05,1.87825142640672,1.102901442879087,1.0091499148620597
2024-12-06,1.8779661095490847,1.1036596318726084,1.0100514694079363
2024-12-09,1.8795579748949942,1.1035032487115786,1.008230098998525
2024-12-10,1.8698035586971637,1.0985555009911587,1.0072662950578295
2024-12-11,1.87559352403123,1.101882511772429,1.0070477645856701
2024-12-12,1.86439826313331,1.092808943055745,1.0027433640161134
2024-12-13,1.8605144173471682,1.0930863989444581,1.0013766094015548
2024-12-16,1.8578575118702911,1.090519607905553,1.0008257297079304
2024-12-17,1.8496292723736698,1.0822791841492734,0.996938215194636
2024-12-18,1.8048307750317172,1.0544742779840448,0.9815958211313204
2024-12-19,1.8000179702585346,1.0492808616085907,0.980132968062199
2024-12-20,1.8146762176112086,1.0564377532596219,0.984881566258586
2024-12-23,1.8184758294307537,1.0584849651177668,0.9844277287478025
2024-12-24,1.8297263577318343,1.0654439779079958,0.9885458854919241
2024-12-26,1.832008783263937,1.069688100695956,0.9904947570942394
2024-12-27,1.821709594239431,1.0634929909112727,0.9867056506228937
2024-12-30,1.8136919838407901,1.05522002481976,0.983622092432112
2024-12-31,1.8134970669254242,1.0542896470175303,0.9835791725822993
2025-01-02,1.8130982150679782,1.0554714576862712,0.985373311962508
2025-01-03,1.8234685697895066,1.065516840190489,0.98826094104147
2025-01-06,1.8284748820250134,1.0742317278709208,0.9906553391142037
2025-01-07,1.8196368489680392,1.0632636340602966,0.9873700456301113
2025-01-08,1.8193937930717081,1.0648231464207072,0.9874804409475583
2025-01-10,1.800487888657713,1.0536656311197026,0.9821318369370288
2025-01-13,1.8034796462318703,1.0508247484968878,0.9811930474520779
2025-01-14,1.8131278449231818,1.0556325065335994,0.9828941269331979
2025-01-15,1.836911701679199,1.0740236714304234,0.9904879117550176
2025-01-16,1.8412503482975546,1.0722662259515936,0.989794645340749
2025-01-17,1.8494234610609361,1.0825635302564618,0.9935827587585605
2025-01-21,1.8682398284499964,1.093380438579502,0.9978357296557417
2025-01-22,1.8649560030702483,1.1037299668952518,1.0003619681776754
2025-01-23,1.870930747710725,1.1066374118994529,1.0019273151097126
2025-01-24,1.8728676766723757,1.1027813417280645,1.0007693708354168
2025-01-27,1.8635520002975383,1.076496750578921,0.9921912522083485
2025-01-28,1.8653229561866769,1.088047458451241,0.9956750097325361
2025-01-29,1.8629476613390306,1.0841544527622797,0.9958306452222615
2025-01-30,1.8788191860008507,1.0931404095584907,0.9990860429677707
2025-01-31,1.8659405333784596,1.0874621883742053,0.997248111000659
2025-02-03,1.8579821607157159,1.077900106349564,0.9940072474744263
2025-02-04,1.871075899704571,1.0896320142969278,0.9985263902979389
2025-02-05,1.8806974471156521,1.0977109109872802,1.0021503341856197
2025-02-06,1.8834988375050654,1.0997975619467835,1.001426661931243
2025-02-07,1.872128341679075,1.0894438959525274,0.9973339691846308
2025-02-10,1.8835659791814128,1.1026052865191862,1.002142185699003
2025-02-11,1.8851413349231145,1.1023315224730035,1.001741902862036
2025-02-12,1.8803860099307643,1.1001674896025875,0.9998636874434674
2025-02-13,1.8972019852394377,1.1126278585273528,1.0051498026610677
2025-02-14,1.8989621354726054,1.112002403582966,1.0050363185707005
2025-02-18,1.9081219466723678,1.1185340092944533,1.0070365005793696
2025-02-19,1.9062494398401506,1.116589778324822,1.0070270700469226
2025-02-20,1.9062256878885233,1.1136709118820187,1.0066342179511145
2025-02-21,1.8873126430741438,1.0937755531527162,1.0005519335121613
2025-02-24,1.8813894873560302,1.084452644949558,0.9967000852935317
2025-02-25,1.8826447021254076,1.0786683341738403,0.9958533242868555
2025-02-26,1.8838302566385676,1.0824213223938761,0.9979113625224163
2025-02-27,1.8657140964682233,1.0557826318123202,0.9885241091399763
2025-02-28,1.8748378536426134,1.0637892397153883,0.9908251946604385
2025-03-03,1.862585894789803,1.046489197944788,0.9842483131377383
2025-03-04,1.8527334137538851,1.0460336650187358,0.9853155110467317
2025-03-05,1.8737851666571956,1.0608578945549294,0.9903661217171456
2025-03-06,1.8559973278491853,1.0426861587368306,0.9845823932810374
2025-03-07,1.866909447137051,1.050376426998244,0.9879867585655001
2025-03-10,1.8386780051089622,1.0241763216319584,0.9811991882739228
2025-03-11,1.8322292054903444,1.0222841185995009,0.9801883987863724
2025-03-12,1.8341235423519044,1.0310420802479812,0.98251016533276
2025-03-13,1.8228384392350718,1.0216357888627634,0.9804879212440529
2025-03-14,1.849841797005332,1.0399367807285995,0.9854377818005646
2025-03-17,1.8673480127307684,1.0480177225129967,0.9892882779548811
2025-03-18,1.8601309605915708,1.0413831802608131,0.9882324752869096
2025-03-19,1.870861980506359,1.0514334245834702,0.9928219920047515
2025-03-20,1.8634909241932252,1.0482283456260812,0.99235373920787
2025-03-21,1.8557777229883554,1.0451814326867053,0.9916597983871661
2025-03-24,1.8716514475774464,1.0605358392709927,0.9959089667068547
2025-03-25,1.8715962443021523,1.0638284595423686,0.9969168601788307
2025-03-26,1.8607502134628437,1.0479614644133746,0.9904603751664053
2025-03-27,1.8600779889016723,1.0456347278100002,0.9895048563768772
2025-03-28,1.8423146051532213,1.0291637669495681,0.9857617344258813
2025-03-31,1.8475917503039483,1.0319287649613007,0.9863817620562556
2025-04-01,1.8508948965517433,1.0333618905356148,0.9886725459879799
2025-04-02,1.8599690873679597,1.0398304862293668,0.9908046774851916
2025-04-03,1.805854674086492,1.0126715615306447,0.9823329276702457
2025-04-04,1.7233238744191866,0.9639713679413002,0.960380773152356
2025-04-07,1.6982520543479076,0.9485936345772121,0.9494859139480363
2025-04-08,1.6749541716239247,0.942663668119643,0.9473948572183092
2025-04-09,1.7804383521559433,1.0008760824286864,0.9732214741032864
2025-04-10,1.7392344496227699,0.9909481232809636,0.9682562410128461
2025-04-11,1.7661022459597722,1.0081299819360101,0.9765703516677052
2025-04-14,1.7822620757462582,1.0123336389578068,0.9792563371396595
2025-04-15,1.7837643970612944,1.0175935063573758,0.9810271296631148
2025-04-16,1.7737487922195148,1.024835152590673,0.9877824379905024
2025-04-17,1.7849298685968582,1.0283599369035468,0.990234306211468
2025-04-21,1.7639684794484853,1.0316290226883327,0.9920185044907732
2025-04-22,1.7927407447655577,1.0429339164803346,0.995209846736746
2025-04-23,1.8042598811770012,1.0398607632000416,0.9926937415685185
2025-04-24,1.8277678568883315,1.0554211679798706,1.0011024926276015
2025-04-25,1.8308063901431606,1.053040318357641,1.0004498658418424
2025-04-28,1.8370112388968534,1.0596143159510827,1.003787294612024
2025-04-29,1.8409086524838068,1.058300641933945,1.0026855557079104
2025-04-30,1.8386884376787767,1.0530270880341455,0.9991175968331656
2025-05-01,1.8397063963625315,1.046219317394166,0.9938814869523984
2025-05-02,1.8637880793191899,1.0578638415064892,0.9973859762483869
2025-05-05,1.860068526118068,1.0658378741141783,1.0022621962528193
2025-05-06,1.8561560029694482,1.0732493838725432,1.0082428984026697
2025-05-07,1.8567272011759655,1.0695256948673588,1.0063704050759497
2025-05-08,1.8608388921383296,1.0646598588807208,1.00232684433464
2025-05-09,1.8655994258092818,1.0700630615874687,1.0047161692851976
2025-05-12,1.8943036002511155,1.0737863512665342,1.0028949753853045
2025-05-13,1.8999982745486368,1.0810283371762206,1.005967282750093
2025-05-14,1.893313606910706,1.0731006731688406,0.9992116273372812
2025-05-15,1.9040128013144986,1.0834954138244848,1.0056848752466565
2025-05-16,1.9118779027920114,1.0823423730191042,1.004368973002074
2025-05-19,1.915029771499754,1.0896614819734014,1.0082608275031857
2025-05-20,1.9167111733351307,1.0968501137178794,1.011957513227563
2025-05-21,1.892953103862178,1.0899575581505279,1.0089252980992633
2025-05-22,1.8898486136175034,1.0846363992146686,1.0066926767149684
2025-05-23,1.8908207515135849,1.0889667026306946,1.0101356857682016
2025-05-27,1.9104237761537675,1.0920009954715397,1.0102016923893642
2025-05-28,1.8983582127516252,1.084548113643333,1.0073883686977483
2025-05-29,1.9052175973390704,1.0889681515227911,1.0093127410047533
2025-05-30,1.9008519558976986,1.0866358906154745,1.009604138420012
2025-06-02,1.912561316010066,1.0991835158164516,1.014985832365537
2025-06-03,1.9186685216550319,1.0969898671427263,1.0138178298761398
2025-06-04,1.9218811122855135,1.0978997569399842,1.0162644334921376
2025-06-05,1.9207461713170908,1.0990190379045106,1.0153083835420793
2025-06-06,1.930800991257228,1.1019942513632717,1.0142152398103081
2025-06-09,1.9344926848084696,1.1041583669205983,1.0147757104802595
2025-06-10,1.9413663793724985,1.1053403676169684,1.0145397281750246
2025-06-11,1.9416709585185183,1.1063142197969746,1.0160410452796695
2025-06-12,1.947737630688878,1.11200611013768,1.0194644572711569
2025-06-13,1.9331454457860524,1.1057186431378023,1.0189991451115457
2025-06-16,1.942812622614548,1.1081452643218908,1.0185672362355782
2025-06-17,1.9333432857946897,1.0996094855310985,1.016515142063222
2025-06-18,1.9349105142349696,1.099217433392106,1.0154306173246903
2025-06-20,1.9305740663912747,1.097892450669861,1.0154206907655479
2025-06-23,1.9392440206836623,1.1048836614604902,1.0182951464591796
2025-06-24,1.9534796284748706,1.1071217717394195,1.0169008171093166
2025-06-25,1.9459711002047724,1.1056443691665134,1.0160520489694518
2025-06-26,1.9591490275084094,1.111666197833112,1.0183043608054825
2025-06-27,1.9619892899942382,1.1087150717683973,1.0156098548057193
2025-06-30,1.9688685979436449,1.1147358801812606,1.0194572300844866
2025-07-01,1.976374603997633,1.1170120534588166,1.0186315636188248
2025-07-02,1.986895215183468,1.123914969197128,1.0211118025063235
2025-07-03,1.992033644084134,1.1255061452664317,1.0213192154690487
2025-07-07,1.9767529958818721,1.1196247582187784,1.0187129830351052
2025-07-08,1.980139719702482,1.1178973834760904,1.0164294386232322
2025-07-09,1.9875844869712826,1.1251466982324452,1.0201200088151685
2025-07-10,1.9930078774872897,1.1245564672132018,1.02017612845017
2025-07-11,1.9855984660553865,1.1237174297271717,1.0198038380978538
2025-07-14,1.9878481331509203,1.1267133641561238,1.0210429546601951
2025-07-15,1.9740173867433795,1.1145023292927048,1.0162960870718813
2025-07-16,1.981931033421105,1.121153820256268,1.0198633784009645
2025-07-17,1.9910386854370248,1.1241844954030953,1.020896456177962
2025-07-18,1.9909224829153858,1.125647960044507,1.0226344512497023
2025-07-21,1.9938313734455508,1.1323361978321054,1.0254804517495908
2025-07-22,2.0035525871003634,1.1379192968770473,1.0279975933200158
2025-07-23,2.016176485160114,1.140855051141138,1.028445804449977
2025-07-24,2.0082859663306896,1.1362052199955672,1.0265160116970582
2025-07-25,2.0098490411130157,1.1348281575145664,1.0261151055494115
2025-07-28,2.0011159176325335,1.1284778871625367,1.0242798564695117
2025-07-29,2.0038655026297003,1.1277424288466724,1.024280527567923
2025-07-30,1.992632922447779,1.1188414042030732,1.0206260625800547
2025-07-31,1.9805489190755805,1.1171363934079708,1.019736480849087
2025-08-01,1.9695401418690992,1.1165843937664637,1.0219416196959406
2025-08-04,1.9883137926907068,1.1280971134225992,1.0263682502344036
2025-08-05,1.9886564511457694,1.1287552549250102,1.0261849008703336
2025-08-06,1.9928180094520305,1.1337536683514013,1.0280665148374166
2025-08-07,1.9981416286880909,1.1401634376536027,1.0298099062461132
2025-08-08,2.001291684124422,1.1458156878506423,1.031073641843566
2025-08-11,1.9965908727416732,1.1417796653978622,1.0300394352963944
2025-08-12,2.01427877300957,1.1504976884100448,1.0334638953943052
2025-08-13,2.0294490450243194,1.1564841374225339,1.0361834094958873
2025-08-14,2.0213853466866354,1.1553717176867389,1.0342534270626946
2025-08-15,2.0209562999328083,1.156308033893852,1.0344133130989326
2025-08-18,2.0202121324311326,1.1536626771158396,1.033689523846883
2025-08-19,2.0173889191081593,1.1512352712667064,1.032917945209035
2025-08-20,2.0202943314672033,1.1560457218207472,1.0353987379379868
2025-08-21,2.0161454189539234,1.1520687876949098,1.0334971920601765
2025-08-22,2.0465317818974817,1.169353178424383,1.041623731068675
2025-08-25,2.0359543459988334,1.1627072256729618,1.0394409442312125
2025-08-26,2.037987267122232,1.1670275110364412,1.0421374323065677
2025-08-27,2.040586473073771,1.1665029685465675,1.0434570799852154
2025-08-28,2.0455635333051907,1.170720246325807,1.0447948631044024
2025-08-29,2.041339194822277,1.1719754773879287,1.0463358856709206
2025-09-02,2.033716386315429,1.1730640996833497,1.0470969845936275
2025-09-03,2.0353403919951907,1.1752266133666731,1.0485765706216157
2025-09-04,2.0454042228633664,1.1795554293520922,1.0503508928959626
2025-09-05,2.0516733505887648,1.181331728578579,1.0512764829343986
2025-09-08,2.0589653982886764,1.190073644214586,1.0547116446453375
2025-09-09,2.057696257872801,1.1898690858636762,1.0543927558808386
2025-09-10,2.062097339206639,1.194065773174126,1.056249749554704
2025-09-11,2.0788805936780146,1.1999813998963718,1.0591348030160306
2025-09-12,2.0734741727785226,1.2002715561796742,1.059291329699423
2025-09-15,2.0818072889427572,1.2064640429099402,1.0632563908549972
2025-09-16,2.0823626073255856,1.2034057793466522,1.0627304850997021
2025-09-17,2.0804203603746547,1.1990268280875962,1.0596107737390656
2025-09-18,2.0855969915012933,1.2031060931920636,1.0600722751833134
2025-09-19,2.0840272219755476,1.2071760727292586,1.0621374987505454
2025-09-22,2.0864334537374734,1.2117131012508762,1.0647910956401916
2025-09-23,2.0878526574053007,1.2127543343133913,1.0649549797375397
2025-09-24,2.081417712331029,1.2078461644905027,1.0624680040699015
2025-09-25,2.0736127260656434,1.206462179735998,1.0612224362718512
2025-09-26,2.0840370533011585,1.2144925596145657,1.0644985358476053
2025-09-29,2.088941921122774,1.2200788718815265,1.0680799364539642
2025-09-30,2.0931738575323275,1.2234892473790198,1.069236939959302
2025-10-01,2.1024889231894814,1.2308248391922214,1.0726223664213987
2025-10-02,2.1030302627315653,1.2295693970820039,1.0714452115898159
2025-10-03,2.108286552485997,1.235915363698208,1.0755851285386935
2025-10-06,2.110811145907696,1.246018846730883,1.0834427622712242
2025-10-07,2.103567306730517,1.2402526059834307,1.080420223384924
2025-10-08,2.1114690215513736,1.2550563541029547,1.0892767087625643
2025-10-09,2.098387134056288,1.2445234882630218,1.0794969682837166
2025-10-10,2.06140221470387,1.2283555558331014,1.061827543975961
2025-10-13,2.087699149513954,1.2567509183061623,1.083127918533437
2025-10-14,2.0919723518982996,1.2585841709872485,1.0869388017450083
2025-10-15,2.1015861941765617,1.2697270106697038,1.0931087181829595
2025-10-16,2.0950960895612303,1.2768702972928458,1.0936036878699291
2025-10-17,2.0967546204017276,1.264611421193931,1.0880743388167853
2025-10-20,2.117695944100508,1.2881321386166102,1.1075471643891583
2025-10-21,2.108504885193046,1.2507989185800885,1.0837660406380103
2025-10-22,2.1045247367501685,1.245818387881392,1.0805061048792184
2025-10-23,2.115722793326484,1.2548030803482673,1.0880501781801986
2025-10-24,2.1237145528507835,1.259401060130461,1.092583063009771
2025-10-27,2.1332111469684687,1.2546120240679468,1.0904902441411868
2025-10-28,2.1274866261313083,1.2552269472195572,1.0880008373889805
2025-10-29,2.117861662169877,1.255877883256575,1.0854284112742882
2025-10-30,2.1084015110394962,1.2597451035235505,1.0873270436078426
2025-10-31,2.110642089429084,1.2586940647379024,1.0875983575047923
2025-11-03,2.111261461215885,1.2610436680156096,1.0901864201665705
2025-11-04,2.0933849472537958,1.2388296825252023,1.0743771244198719
2025-11-05,2.103234541672944,1.2514854519157765,1.0826376630335421
2025-11-06,2.0946985816092862,1.2443462342585148,1.076926256971149
2025-11-07,2.102587707034147,1.2482119968511967,1.080336197446431
2025-11-10,2.1213801471949902,1.2769375764336672,1.1003299128410924
2025-11-11,2.1318409639982603,1.2798866722969793,1.1021178121434647
2025-11-12,2.1336982561520696,1.2950687292899097,1.110557600807004
2025-11-13,2.1114017655369053,1.2771975823282877,1.0966989021081253
2025-11-14,2.1081974005194812,1.2633592019630995,1.0874314951487418
2025-11-17,2.0894373750509376,1.245887628168853,1.0724977621095757
2025-11-18,2.085559629962535,1.241836614204551,1.069409149433653
2025-11-19,2.0831561069839726,1.2485371816322164,1.0734664851977829
2025-11-20,2.061345888158704,1.232465957795838,1.0610197303481361
2025-11-21,2.080473053511184,1.236476417262053,1.0656918228429981
2025-11-24,2.0948786927413128,1.2571322392675404,1.080808061315378
2025-11-25,2.1132181621153188,1.2700083941183375,1.09155895380454
2025-11-26,2.128821258370144,1.2856274069476272,1.1020274022925092
2025-11-28,2.1388648917650497,1.3015926246824538,1.1110457907575415
2025-12-01,2.1309409390668996,1.3055210754506765,1.1114043488045398
2025-12-02,2.1310465373120397,1.3102780704686878,1.1131237760120702
2025-12-03,2.14174554966236,1.3149090760950184,1.1183728292742279
2025-12-04,2.142559091833491,1.313333620589725,1.1202370475958034
2025-12-05,2.144291308940623,1.3164279686795166,1.1209316184869218
2025-12-08,2.134505280058346,1.316628584502708,1.120311215144844
2025-12-09,2.1325552743500347,1.3249814516130085,1.1219719788512135
2025-12-10,2.1504748233674364,1.3379415949415256,1.1327861421534349
2025-12-11,2.158124988816244,1.3478181464873262,1.1399853552745463
2025-12-12,2.1430054321822753,1.3324022251451881,1.1308955344604117
2025-12-15,2.1437829199358234,1.3392476103015978,1.1321563748392642
2025-12-16,2.1333034316820516,1.3376459841027004,1.1297215072914666
2025-12-17,2.1276013345757003,1.3355259127251753,1.1255749852544126
2025-12-18,2.1351914718491725,1.3417782914244256,1.130709283801985
2025-12-19,2.1457230092530755,1.3558508768940158,1.139681758629694
2025-12-22,2.158347507014059,1.3740134540083437,1.1545029522196821
2025-12-23,2.1647555961495586,1.3865215422099295,1.1609237196699655
2025-12-24,2.169735778956517,1.3878892699953682,1.1620700988988972
2025-12-26,2.17238560243236,1.404368540702119,1.1657926663950935
2025-12-29,2.163053777422305,1.3724270437628405,1.1470357308783166
2025-12-30,2.1636623544547215,1.3795461327191108,1.147820408242756
